highlighted_xpaths,highlighted_segmented_text,highlighted_labels,segment_number_from_idx,highlighted_coordinates,num_entries_1,exploded_highlight_node_order,top,left,width,height,top_via_line_group,size
/html/body/document/type/sequence/filename/description/text/p[7]/b,AGREEMENT AND PLAN OF MERGER,t,0,"[0.0025419676339566606, 0.005555555555555556, 0.9888888888888889, 0.005838975159187577]",8,0,0.0025419676339566606,0.005555555555555556,0.9888888888888889,0.005838975159187577,0.0025419676339566606,8
/html/body/document/type/sequence/filename/description/text/p[9]/b,BY AND AMONG,t,0,"[0.0025419676339566606, 0.005555555555555556, 0.9888888888888889, 0.005838975159187577]",8,1,0.0025419676339566606,0.005555555555555556,0.9888888888888889,0.005838975159187577,0.0025419676339566606,8
/html/body/document/type/sequence/filename/description/text/p[11]/b,"GAINWELL ACQUISITION CORP.,",t,0,"[0.0025419676339566606, 0.005555555555555556, 0.9888888888888889, 0.005838975159187577]",8,2,0.0025419676339566606,0.005555555555555556,0.9888888888888889,0.005838975159187577,0.0025419676339566606,8
/html/body/document/type/sequence/filename/description/text/p[13]/b,"MUSTANG MERGERCO INC.,",t,0,"[0.0025419676339566606, 0.005555555555555556, 0.9888888888888889, 0.005838975159187577]",8,3,0.0025419676339566606,0.005555555555555556,0.9888888888888889,0.005838975159187577,0.0025419676339566606,8
/html/body/document/type/sequence/filename/description/text/p[15]/font/b,GAINWELL INTERMEDIATE HOLDING CORP.,t,0,"[0.0025419676339566606, 0.005555555555555556, 0.9888888888888889, 0.005838975159187577]",8,4,0.0025419676339566606,0.005555555555555556,0.9888888888888889,0.005838975159187577,0.0025419676339566606,8
/html/body/document/type/sequence/filename/description/text/p[17]/font/b,AND,t,0,"[0.0025419676339566606, 0.005555555555555556, 0.9888888888888889, 0.005838975159187577]",8,5,0.0025419676339566606,0.005555555555555556,0.9888888888888889,0.005838975159187577,0.0025419676339566606,8
/html/body/document/type/sequence/filename/description/text/p[19]/font/b,HMS HOLDINGS CORP.,t,0,"[0.0025419676339566606, 0.005555555555555556, 0.9888888888888889, 0.005838975159187577]",8,6,0.0025419676339566606,0.005555555555555556,0.9888888888888889,0.005838975159187577,0.0025419676339566606,8
/html/body/document/type/sequence/filename/description/text/p[21],"December 20, 2020",t,0,"[0.0025419676339566606, 0.005555555555555556, 0.9888888888888889, 0.005838975159187577]",8,7,0.0025419676339566606,0.005555555555555556,0.9888888888888889,0.005838975159187577,0.0025419676339566606,8
/html/body/document/type/sequence/filename/description/text/p[25]/b,TABLE OF CONTENTS,st,1,"[0.01098583041804042, 0.45061874999999996, 0.09876319444444444, 0.00037751994563712784]",1,8,0.01098583041804042,0.45061874999999996,0.09876319444444444,0.00037751994563712784,0.01098583041804042,1
/html/body/document/type/sequence/filename/description/text/div[3]/p/font,i,n,2,"[0.030113507663654896, 0.49870902777777776, 0.0025770416666666667, 0.00037751994563712784]",1,9,0.030113507663654896,0.49870902777777776,0.0025770416666666667,0.00037751994563712784,0.030113507663654896,1
/html/body/document/type/sequence/filename/description/text/div[5]/p/font,ii,n,3,"[0.05026048876248962, 0.49742291666666666, 0.005148652777777778, 0.00037751994563712784]",1,10,0.05026048876248962,0.49742291666666666,0.005148652777777778,0.00037751994563712784,0.05026048876248962,1
/html/body/document/type/sequence/filename/description/text/div[7]/p/font,iii,n,4,"[0.06572622253542396, 0.4961375, 0.007720277777777778, 0.00037751994563712784]",1,11,0.06572622253542396,0.4961375,0.007720277777777778,0.00037751994563712784,0.06572622253542396,1
/html/body/document/type/sequence/filename/description/text/p[40]/b,AGREEMENT AND PLAN OF MERGER,st,5,"[0.06752573427629427, 0.4156520833333333, 0.16869583333333332, 0.00037751994563712784]",1,12,0.06752573427629427,0.4156520833333333,0.16869583333333332,0.00037751994563712784,0.06752573427629427,1
/html/body/document/type/sequence/filename/description/text/p[44]/b,RECITALS,st,6,"[0.06947625399541943, 0.47667638888888886, 0.04664715277777777, 0.00037751994563712784]",1,13,0.06947625399541943,0.47667638888888886,0.04664715277777777,0.00037751994563712784,0.06947625399541943,1
/html/body/document/type/sequence/filename/description/text/p[56]/b,AGREEMENT,st,7,"[0.07532781315279491, 0.46965069444444446, 0.06069333333333333, 0.00037751994563712784]",1,14,0.07532781315279491,0.46965069444444446,0.06069333333333333,0.00037751994563712784,0.07532781315279491,1
/html/body/document/type/sequence/filename/description/text/div[9]/p/font,1,n,8,"[0.07768102081393301, 0.4976833333333333, 0.00463325, 0.00037751994563712784]",1,15,0.07768102081393301,0.4976833333333333,0.00463325,0.00037751994563712784,0.07768102081393301,1
/html/body/document/type/sequence/filename/description/text/p[62]/font/b,Article I.,sn,9,"[0.07948053255480331, 0.4749569444444444, 0.05008680555555556, 0.00037751994563712784]",1,16,0.07948053255480331,0.4749569444444444,0.05008680555555556,0.00037751994563712784,0.07948053255480331,1
/html/body/document/type/sequence/filename/description/text/p[62],DEFINITIONS,st,10,"[0.07987063649862834, 0.4693902777777778, 0.061219583333333334, 0.00037751994563712784]",1,17,0.07987063649862834,0.4693902777777778,0.061219583333333334,0.00037751994563712784,0.07987063649862834,1
/html/body/document/type/sequence/filename/description/text/p[64]/font[1]/b,Section 1.01,ssn,11,"[0.08065084438627841, 0.03888888888888889, 0.047314444444444444, 0.00037751994563712784]",1,18,0.08065084438627841,0.03888888888888889,0.047314444444444444,0.00037751994563712784,0.08065084438627841,1
/html/body/document/type/sequence/filename/description/text/p[64]/b,Definitions,sst,12,"[0.08065084438627841, 0.10240347222222224, 0.0432075, 0.00037751994563712784]",1,19,0.08065084438627841,0.10240347222222224,0.0432075,0.00037751994563712784,0.08065084438627841,1
/html/body/document/type/sequence/filename/description/text/div[11]/p/font,2,n,13,"[0.09080613092391715, 0.4976833333333333, 0.00463325, 0.00037751994563712784]",1,20,0.09080613092391715,0.4976833333333333,0.00463325,0.00037751994563712784,0.09080613092391715,1
/html/body/document/type/sequence/filename/description/text/div[13]/p/font,3,n,14,"[0.10432134497772633, 0.4976833333333333, 0.00463325, 0.00037751994563712784]",1,21,0.10432134497772633,0.4976833333333333,0.00463325,0.00037751994563712784,0.10432134497772633,1
/html/body/document/type/sequence/filename/description/text/div[15]/p/font,4,n,15,"[0.1143256235371102, 0.4976833333333333, 0.00463325, 0.00037751994563712784]",1,22,0.1143256235371102,0.4976833333333333,0.00463325,0.00037751994563712784,0.1143256235371102,1
/html/body/document/type/sequence/filename/description/text/div[17]/p/font,5,n,16,"[0.12589031787179422, 0.4976833333333333, 0.00463325, 0.00037751994563712784]",1,23,0.12589031787179422,0.4976833333333333,0.00463325,0.00037751994563712784,0.12589031787179422,1
/html/body/document/type/sequence/filename/description/text/div[19]/p/font,6,n,17,"[0.13979563586942845, 0.4976833333333333, 0.00463325, 0.00037751994563712784]",1,24,0.13979563586942845,0.4976833333333333,0.00463325,0.00037751994563712784,0.13979563586942845,1
/html/body/document/type/sequence/filename/description/text/div[21]/p/font,7,n,18,"[0.15175043414793749, 0.4976833333333333, 0.00463325, 0.00037751994563712784]",1,25,0.15175043414793749,0.4976833333333333,0.00463325,0.00037751994563712784,0.15175043414793749,1
/html/body/document/type/sequence/filename/description/text/div[23]/p/font,8,n,19,"[0.16253492059497143, 0.4976833333333333, 0.00463325, 0.00037751994563712784]",1,26,0.16253492059497143,0.4976833333333333,0.00463325,0.00037751994563712784,0.16253492059497143,1
/html/body/document/type/sequence/filename/description/text/div[25]/p/font,9,n,20,"[0.17409961492965545, 0.4976833333333333, 0.00463325, 0.00037751994563712784]",1,27,0.17409961492965545,0.4976833333333333,0.00463325,0.00037751994563712784,0.17409961492965545,1
/html/body/document/type/sequence/filename/description/text/div[27]/p/font,10,n,21,"[0.18527420532051445, 0.4953666666666666, 0.009261041666666667, 0.00037751994563712784]",1,28,0.18527420532051445,0.4953666666666666,0.009261041666666667,0.00037751994563712784,0.18527420532051445,1
/html/body/document/type/sequence/filename/description/text/div[29]/p/font,11,n,22,"[0.19644879571137341, 0.49554027777777776, 0.008913819444444445, 0.00037751994563712784]",1,29,0.19644879571137341,0.49554027777777776,0.008913819444444445,0.00037751994563712784,0.19644879571137341,1
/html/body/document/type/sequence/filename/description/text/div[31]/p/font,12,n,23,"[0.20957390582135757, 0.4953666666666666, 0.009261041666666667, 0.00037751994563712784]",1,30,0.20957390582135757,0.4953666666666666,0.009261041666666667,0.00037751994563712784,0.20957390582135757,1
/html/body/document/type/sequence/filename/description/text/div[33]/p/font,13,n,24,"[0.22464953565046686, 0.4953666666666666, 0.009261041666666667, 0.00037751994563712784]",1,31,0.22464953565046686,0.4953666666666666,0.009261041666666667,0.00037751994563712784,0.22464953565046686,1
/html/body/document/type/sequence/filename/description/text/div[35]/p/font,14,n,25,"[0.24440641280547656, 0.4953666666666666, 0.009261041666666667, 0.00037751994563712784]",1,32,0.24440641280547656,0.4953666666666666,0.009261041666666667,0.00037751994563712784,0.24440641280547656,1
/html/body/document/type/sequence/filename/description/text/p[289]/font[1]/b,Section 1.02,ssn,26,"[0.25205748370372233, 0.03888888888888889, 0.047314444444444444, 0.00037751994563712784]",1,33,0.25205748370372233,0.03888888888888889,0.047314444444444444,0.00037751994563712784,0.25205748370372233,1
/html/body/document/type/sequence/filename/description/text/p[289]/b,Definitional and Interpretative Provisions,sst,27,"[0.25205748370372233, 0.10240347222222224, 0.16500138888888888, 0.00037751994563712784]",1,34,0.25205748370372233,0.10240347222222224,0.16500138888888888,0.00037751994563712784,0.25205748370372233,1
/html/body/document/type/sequence/filename/description/text/div[37]/p/font,15,n,28,"[0.26026225052223595, 0.4953666666666666, 0.009261041666666667, 0.00037751994563712784]",1,35,0.26026225052223595,0.4953666666666666,0.009261041666666667,0.00037751994563712784,0.26026225052223595,1
/html/body/document/type/sequence/filename/description/text/p[321]/font/b,Article II,sn,29,"[0.2694737371957818, 0.4731555555555556, 0.05137805555555555, 0.00037751994563712784]",1,36,0.2694737371957818,0.4731555555555556,0.05137805555555555,0.00037751994563712784,0.2694737371957818,1
/html/body/document/type/sequence/filename/description/text/p[321],THE TRANSACTION,st,30,"[0.2698638411396069, 0.4549423611111111, 0.09010972222222223, 0.00037751994563712784]",1,37,0.2698638411396069,0.4549423611111111,0.09010972222222223,0.00037751994563712784,0.2698638411396069,1
/html/body/document/type/sequence/filename/description/text/p[323]/font[1]/b,Section 2.01,ssn,31,"[0.2706440490272569, 0.03888888888888889, 0.047314444444444444, 0.00037751994563712784]",1,38,0.2706440490272569,0.03888888888888889,0.047314444444444444,0.00037751994563712784,0.2706440490272569,1
/html/body/document/type/sequence/filename/description/text/p[323]/b,The Closing,sst,32,"[0.2706440490272569, 0.10223541666666666, 0.047585694444444444, 0.00037751994563712784]",1,39,0.2706440490272569,0.10223541666666666,0.047585694444444444,0.00037751994563712784,0.2706440490272569,1
/html/body/document/type/sequence/filename/description/text/div[39]/p/font,16,n,33,"[0.2733873606322201, 0.4953666666666666, 0.009261041666666667, 0.00037751994563712784]",1,40,0.2733873606322201,0.4953666666666666,0.009261041666666667,0.00037751994563712784,0.2733873606322201,1
/html/body/document/type/sequence/filename/description/text/p[328]/font[1]/b,Section 2.02,ssn,34,"[0.2755769763169154, 0.03888888888888889, 0.047314444444444444, 0.00037751994563712784]",1,41,0.2755769763169154,0.03888888888888889,0.047314444444444444,0.00037751994563712784,0.2755769763169154,1
/html/body/document/type/sequence/filename/description/text/p[328]/b,The Merger,sst,35,"[0.2755769763169154, 0.10223541666666666, 0.04754777777777778, 0.00037751994563712784]",1,42,0.2755769763169154,0.10223541666666666,0.04754777777777778,0.00037751994563712784,0.2755769763169154,1
/html/body/document/type/sequence/filename/description/text/div[41]/p/font,17,n,36,"[0.283391639191604, 0.4953666666666666, 0.009261041666666667, 0.00037751994563712784]",1,43,0.283391639191604,0.4953666666666666,0.009261041666666667,0.00037751994563712784,0.283391639191604,1
/html/body/document/type/sequence/filename/description/text/p[340]/font/b,Article III,sn,37,"[0.28519115093247427, 0.4713541666666667, 0.05498048611111111, 0.00037751994563712784]",1,44,0.28519115093247427,0.4713541666666667,0.05498048611111111,0.00037751994563712784,0.28519115093247427,1
/html/body/document/type/sequence/filename/description/text/p[341],CONVERSION OF SECURITIES,st,38,"[0.2855812548762993, 0.4320097222222223, 0.13597569444444446, 0.00037751994563712784]",1,45,0.2855812548762993,0.4320097222222223,0.13597569444444446,0.00037751994563712784,0.2855812548762993,1
/html/body/document/type/sequence/filename/description/text/p[343]/font[1]/b,Section 3.01,ssn,39,"[0.28636146276394936, 0.03888888888888889, 0.047314444444444444, 0.00037751994563712784]",1,46,0.28636146276394936,0.03888888888888889,0.047314444444444444,0.00037751994563712784,0.28636146276394936,1
/html/body/document/type/sequence/filename/description/text/p[343]/b,Effect of Merger on Capital Stock,sst,40,"[0.28636146276394936, 0.10240347222222224, 0.13376736111111112, 0.00037751994563712784]",1,47,0.28636146276394936,0.10240347222222224,0.13376736111111112,0.00037751994563712784,0.28636146276394936,1
/html/body/document/type/sequence/filename/description/text/p[345]/font,(a),ssn,41,"[0.2871416706515994, 0.03888888888888889, 0.010275625, 0.00037751994563712784]",1,48,0.2871416706515994,0.03888888888888889,0.010275625,0.00037751994563712784,0.2871416706515994,1
/html/body/document/type/sequence/filename/description/text/p[345]/u[1],Conversion of Company Common Stock,ssst,42,"[0.2871416706515994, 0.08388125, 0.15119930555555555, 0.00037751994563712784]",1,49,0.2871416706515994,0.08388125,0.15119930555555555,0.00037751994563712784,0.2871416706515994,1
/html/body/document/type/sequence/filename/description/text/p[347]/font,(b),sssn,43,"[0.28870208642689954, 0.03888888888888889, 0.010796458333333333, 0.00037751994563712784]",1,50,0.28870208642689954,0.03888888888888889,0.010796458333333333,0.00037751994563712784,0.28870208642689954,1
/html/body/document/type/sequence/filename/description/text/p[349]/font,(c),sssn,44,"[0.29065260614602473, 0.03888888888888889, 0.010275625, 0.00037751994563712784]",1,51,0.29065260614602473,0.03888888888888889,0.010275625,0.00037751994563712784,0.29065260614602473,1
/html/body/document/type/sequence/filename/description/text/p[349]/u[1],Cancellation of Company Common Stock,ssst,45,"[0.29065260614602473, 0.08388125, 0.15529513888888888, 0.00037751994563712784]",1,52,0.29065260614602473,0.08388125,0.15529513888888888,0.00037751994563712784,0.29065260614602473,1
/html/body/document/type/sequence/filename/description/text/p[351]/font,(d),sssn,46,"[0.29221302192132487, 0.03888888888888889, 0.010796458333333333, 0.00037751994563712784]",1,53,0.29221302192132487,0.03888888888888889,0.010796458333333333,0.00037751994563712784,0.29221302192132487,1
/html/body/document/type/sequence/filename/description/text/p[351]/u,Conversion of Merger Sub Common Stock,ssst,47,"[0.29221302192132487, 0.08439652777777779, 0.1589951388888889, 0.00037751994563712784]",1,54,0.29221302192132487,0.08439652777777779,0.1589951388888889,0.00037751994563712784,0.29221302192132487,1
/html/body/document/type/sequence/filename/description/text/p[353]/font,(e),sssn,48,"[0.29338333375279996, 0.03888888888888889, 0.010275625, 0.00037751994563712784]",1,55,0.29338333375279996,0.03888888888888889,0.010275625,0.00037751994563712784,0.29338333375279996,1
/html/body/document/type/sequence/filename/description/text/p[353]/u[1],Adjustments,ssst,49,"[0.29338333375279996, 0.08336597222222222, 0.04680444444444444, 0.00037751994563712784]",1,56,0.29338333375279996,0.08336597222222222,0.04680444444444444,0.00037751994563712784,0.29338333375279996,1
/html/body/document/type/sequence/filename/description/text/div[43]/p/font,18,n,50,"[0.295736541413938, 0.4953666666666666, 0.009261041666666667, 0.00037751994563712784]",1,57,0.295736541413938,0.4953666666666666,0.009261041666666667,0.00037751994563712784,0.295736541413938,1
/html/body/document/type/sequence/filename/description/text/p[357]/font[1]/b,Section 3.02,ssn,51,"[0.29753605315480836, 0.03888888888888889, 0.047314444444444444, 0.00037751994563712784]",1,58,0.29753605315480836,0.03888888888888889,0.047314444444444444,0.00037751994563712784,0.29753605315480836,1
/html/body/document/type/sequence/filename/description/text/p[357]/b,Surrender and Payment,sst,52,"[0.29753605315480836, 0.10240347222222224, 0.09531805555555556, 0.00037751994563712784]",1,59,0.29753605315480836,0.10240347222222224,0.09531805555555556,0.00037751994563712784,0.29753605315480836,1
/html/body/document/type/sequence/filename/description/text/p[359]/font,(a),sssn,54,"[0.2983162610424584, 0.03888888888888889, 0.010275625, 0.00037751994563712784]",1,60,0.2983162610424584,0.03888888888888889,0.010275625,0.00037751994563712784,0.2983162610424584,1
/html/body/document/type/sequence/filename/description/text/p[361]/font,(b),sssn,55,"[0.3022173004807087, 0.03888888888888889, 0.010796458333333333, 0.00037751994563712784]",1,61,0.3022173004807087,0.03888888888888889,0.010796458333333333,0.00037751994563712784,0.3022173004807087,1
/html/body/document/type/sequence/filename/description/text/p[363]/font,(c),sssn,56,"[0.3041678201998339, 0.03888888888888889, 0.010275625, 0.00037751994563712784]",1,62,0.3041678201998339,0.03888888888888889,0.010275625,0.00037751994563712784,0.3041678201998339,1
/html/body/document/type/sequence/filename/description/text/div[45]/p/font,19,n,53,"[0.30730123574862206, 0.4953666666666666, 0.009261041666666667, 0.00037751994563712784]",1,63,0.30730123574862206,0.4953666666666666,0.009261041666666667,0.00037751994563712784,0.30730123574862206,1
/html/body/document/type/sequence/filename/description/text/p[367]/font,(d),sssn,57,"[0.30910074748949234, 0.03888888888888889, 0.010796458333333333, 0.00037751994563712784]",1,64,0.30910074748949234,0.03888888888888889,0.010796458333333333,0.00037751994563712784,0.30910074748949234,1
/html/body/document/type/sequence/filename/description/text/p[367]/u,Registered Holders,ssst,58,"[0.30910074748949234, 0.08439652777777779, 0.07121319444444445, 0.00037751994563712784]",1,65,0.30910074748949234,0.08439652777777779,0.07121319444444445,0.00037751994563712784,0.30910074748949234,1
/html/body/document/type/sequence/filename/description/text/p[369]/font,(e),sssn,59,"[0.3106611632647925, 0.03888888888888889, 0.010275625, 0.00037751994563712784]",1,66,0.3106611632647925,0.03888888888888889,0.010275625,0.00037751994563712784,0.3106611632647925,1
/html/body/document/type/sequence/filename/description/text/p[369]/u[1],No Transfers; No Further Ownership,ssst,60,"[0.3106611632647925, 0.08388125, 0.13678958333333333, 0.00037751994563712784]",1,67,0.3106611632647925,0.08388125,0.13678958333333333,0.00037751994563712784,0.3106611632647925,1
/html/body/document/type/sequence/filename/description/text/p[371]/font,(f),sssn,61,"[0.31261168298391767, 0.03888888888888889, 0.009250208333333333, 0.00037751994563712784]",1,68,0.31261168298391767,0.03888888888888889,0.009250208333333333,0.00037751994563712784,0.31261168298391767,1
/html/body/document/type/sequence/filename/description/text/p[371]/u[1],Termination of Exchange Fund,ssst,62,"[0.31261168298391767, 0.08499861111111111, 0.11529375, 0.00037751994563712784]",1,69,0.31261168298391767,0.08499861111111111,0.11529375,0.00037751994563712784,0.31261168298391767,1
/html/body/document/type/sequence/filename/description/text/p[373]/font,(g),sssn,63,"[0.31495230664686785, 0.03888888888888889, 0.010796458333333333, 0.00037751994563712784]",1,70,0.31495230664686785,0.03888888888888889,0.010796458333333333,0.00037751994563712784,0.31495230664686785,1
/html/body/document/type/sequence/filename/description/text/p[373]/u[1],Investment of Exchange Fund,ssst,64,"[0.31495230664686785, 0.08439652777777779, 0.11131736111111111, 0.00037751994563712784]",1,71,0.31495230664686785,0.08439652777777779,0.11131736111111111,0.00037751994563712784,0.31495230664686785,1
/html/body/document/type/sequence/filename/description/text/div[47]/p/font,20,n,65,"[0.3169154103641809, 0.4953666666666666, 0.009261041666666667, 0.00037751994563712784]",1,72,0.3169154103641809,0.4953666666666666,0.009261041666666667,0.00037751994563712784,0.3169154103641809,1
/html/body/document/type/sequence/filename/description/text/p[377]/font,(h),sssn,66,"[0.3187149221050512, 0.03888888888888889, 0.010796458333333333, 0.00037751994563712784]",1,73,0.3187149221050512,0.03888888888888889,0.010796458333333333,0.00037751994563712784,0.3187149221050512,1
/html/body/document/type/sequence/filename/description/text/p[379]/font[1]/b,Section 3.03,ssn,67,"[0.3198852339365263, 0.03888888888888889, 0.047314444444444444, 0.00037751994563712784]",1,74,0.3198852339365263,0.03888888888888889,0.047314444444444444,0.00037751994563712784,0.3198852339365263,1
/html/body/document/type/sequence/filename/description/text/p[379]/b,Lost Certificates,sst,68,"[0.3198852339365263, 0.10240347222222224, 0.06554902777777778, 0.00037751994563712784]",1,75,0.3198852339365263,0.10240347222222224,0.06554902777777778,0.00037751994563712784,0.3198852339365263,1
/html/body/document/type/sequence/filename/description/text/p[381]/font[1]/b,Section 3.04,ssn,69,"[0.32144564971182643, 0.03888888888888889, 0.047314444444444444, 0.00037751994563712784]",1,76,0.32144564971182643,0.03888888888888889,0.047314444444444444,0.00037751994563712784,0.32144564971182643,1
/html/body/document/type/sequence/filename/description/text/p[381]/b,Withholding Rights,sst,70,"[0.32144564971182643, 0.10223541666666666, 0.07777222222222223, 0.00037751994563712784]",1,77,0.32144564971182643,0.10223541666666666,0.07777222222222223,0.00037751994563712784,0.32144564971182643,1
/html/body/document/type/sequence/filename/description/text/p[383]/font/b,Section 3.05,ssn,71,"[0.3237862733747766, 0.03888888888888889, 0.047314444444444444, 0.00037751994563712784]",1,78,0.3237862733747766,0.03888888888888889,0.047314444444444444,0.00037751994563712784,0.3237862733747766,1
/html/body/document/type/sequence/filename/description/text/p[383]/b,Treatment of Company Compensatory Awards,sst,72,"[0.3237862733747766, 0.10223541666666666, 0.18461944444444442, 0.00037751994563712784]",1,79,0.3237862733747766,0.10223541666666666,0.18461944444444442,0.00037751994563712784,0.3237862733747766,1
/html/body/document/type/sequence/filename/description/text/p[385]/font,(a),sssn,73,"[0.3245664812624267, 0.03888888888888889, 0.010275625, 0.00037751994563712784]",1,80,0.3245664812624267,0.03888888888888889,0.010275625,0.00037751994563712784,0.3245664812624267,1
/html/body/document/type/sequence/filename/description/text/p[385]/u[1],Company Options,ssst,74,"[0.3245664812624267, 0.08388125, 0.06763236111111112, 0.00037751994563712784]",1,81,0.3245664812624267,0.08388125,0.06763236111111112,0.00037751994563712784,0.3245664812624267,1
/html/body/document/type/sequence/filename/description/text/div[49]/p/font,21,n,75,"[0.3280900007550399, 0.4953666666666666, 0.009261041666666667, 0.00037751994563712784]",1,82,0.3280900007550399,0.4953666666666666,0.009261041666666667,0.00037751994563712784,0.3280900007550399,1
/html/body/document/type/sequence/filename/description/text/p[389]/font,(b),sssn,76,"[0.3298895124959102, 0.03888888888888889, 0.010796458333333333, 0.00037751994563712784]",1,83,0.3298895124959102,0.03888888888888889,0.010796458333333333,0.00037751994563712784,0.3298895124959102,1
/html/body/document/type/sequence/filename/description/text/p[389]/u,Company RSU Awards; Company DSU Awards,ssst,77,"[0.3298895124959102, 0.08439652777777779, 0.1775284722222222, 0.00037751994563712784]",1,84,0.3298895124959102,0.08439652777777779,0.1775284722222222,0.00037751994563712784,0.3298895124959102,1
/html/body/document/type/sequence/filename/description/text/div[51]/p/font,22,n,78,"[0.33692396748294867, 0.4953666666666666, 0.009261041666666667, 0.00037751994563712784]",1,85,0.33692396748294867,0.4953666666666666,0.009261041666666667,0.00037751994563712784,0.33692396748294867,1
/html/body/document/type/sequence/filename/description/text/p[399]/font,(c),sssn,79,"[0.338723479223819, 0.03888888888888889, 0.010275625, 0.00037751994563712784]",1,86,0.338723479223819,0.03888888888888889,0.010275625,0.00037751994563712784,0.338723479223819,1
/html/body/document/type/sequence/filename/description/text/p[399]/u[1],Certain Actions,ssst,80,"[0.338723479223819, 0.08388125, 0.057850486111111106, 0.00037751994563712784]",1,87,0.338723479223819,0.08388125,0.057850486111111106,0.00037751994563712784,0.338723479223819,1
/html/body/document/type/sequence/filename/description/text/p[401]/font[1]/b,Section 3.06,ssn,81,"[0.3402838949991191, 0.03888888888888889, 0.047314444444444444, 0.00037751994563712784]",1,88,0.3402838949991191,0.03888888888888889,0.047314444444444444,0.00037751994563712784,0.3402838949991191,1
/html/body/document/type/sequence/filename/description/text/p[401]/b,Dissenting Shares,sst,82,"[0.3402838949991191, 0.10240347222222224, 0.07004652777777778, 0.00037751994563712784]",1,89,0.3402838949991191,0.10240347222222224,0.07004652777777778,0.00037751994563712784,0.3402838949991191,1
/html/body/document/type/sequence/filename/description/text/div[53]/p/font,23,n,83,"[0.3457579342108575, 0.4953666666666666, 0.009261041666666667, 0.00037751994563712784]",1,90,0.3457579342108575,0.4953666666666666,0.009261041666666667,0.00037751994563712784,0.3457579342108575,1
/html/body/document/type/sequence/filename/description/text/p[405]/font/b,Article IV,sn,84,"[0.3475574459517278, 0.47220625, 0.05326604166666667, 0.00037751994563712784]",1,91,0.3475574459517278,0.47220625,0.05326604166666667,0.00037751994563712784,0.3475574459517278,1
/html/body/document/type/sequence/filename/description/text/p[406],REPRESENTATIONS AND WARRANTIES OF THE COMPANY,st,85,"[0.3479475498955528, 0.36853819444444447, 0.2629229166666667, 0.00037751994563712784]",1,92,0.3479475498955528,0.36853819444444447,0.2629229166666667,0.00037751994563712784,0.3479475498955528,1
/html/body/document/type/sequence/filename/description/text/p[410]/font[1]/b,Section 4.01,ssn,86,"[0.3510683814461531, 0.03888888888888889, 0.047314444444444444, 0.00037751994563712784]",1,93,0.3510683814461531,0.03888888888888889,0.047314444444444444,0.00037751994563712784,0.3510683814461531,1
/html/body/document/type/sequence/filename/description/text/p[410]/b,Corporate Existence and Power,sst,87,"[0.3510683814461531, 0.10240347222222224, 0.12571597222222222, 0.00037751994563712784]",1,94,0.3510683814461531,0.10240347222222224,0.12571597222222222,0.00037751994563712784,0.3510683814461531,1
/html/body/document/type/sequence/filename/description/text/div[55]/p/font,24,n,88,"[0.3561523167140664, 0.4953666666666666, 0.009261041666666667, 0.00037751994563712784]",1,95,0.3561523167140664,0.4953666666666666,0.009261041666666667,0.00037751994563712784,0.3561523167140664,1
/html/body/document/type/sequence/filename/description/text/p[418]/font[1]/b,Section 4.02,ssn,89,"[0.3579518284549367, 0.03888888888888889, 0.047314444444444444, 0.00037751994563712784]",1,96,0.3579518284549367,0.03888888888888889,0.047314444444444444,0.00037751994563712784,0.3579518284549367,1
/html/body/document/type/sequence/filename/description/text/p[418]/b,Corporate Authorization,sst,90,"[0.3579518284549367, 0.10240347222222224, 0.09847569444444446, 0.00037751994563712784]",1,97,0.3579518284549367,0.10240347222222224,0.09847569444444446,0.00037751994563712784,0.3579518284549367,1
/html/body/document/type/sequence/filename/description/text/p[424]/font[1]/b,Section 4.03,ssn,91,"[0.36341328366848713, 0.03888888888888889, 0.047314444444444444, 0.00037751994563712784]",1,98,0.36341328366848713,0.03888888888888889,0.047314444444444444,0.00037751994563712784,0.36341328366848713,1
/html/body/document/type/sequence/filename/description/text/p[424]/b,Governmental Authorization,sst,92,"[0.36341328366848713, 0.10240347222222224, 0.11442083333333333, 0.00037751994563712784]",1,99,0.36341328366848713,0.10240347222222224,0.11442083333333333,0.00037751994563712784,0.36341328366848713,1
/html/body/document/type/sequence/filename/description/text/p[426]/font[1]/b,Section 4.04,ssn,93,"[0.36575390733143737, 0.03888888888888889, 0.047314444444444444, 0.00037751994563712784]",1,100,0.36575390733143737,0.03888888888888889,0.047314444444444444,0.00037751994563712784,0.36575390733143737,1
/html/body/document/type/sequence/filename/description/text/p[426]/b,Non-Contravention,sst,94,"[0.36575390733143737, 0.10240347222222224, 0.07714305555555555, 0.00037751994563712784]",1,101,0.36575390733143737,0.10240347222222224,0.07714305555555555,0.00037751994563712784,0.36575390733143737,1
/html/body/document/type/sequence/filename/description/text/div[57]/p/font,25,n,95,"[0.36966753076787556, 0.4953666666666666, 0.009261041666666667, 0.00037751994563712784]",1,102,0.36966753076787556,0.4953666666666666,0.009261041666666667,0.00037751994563712784,0.36966753076787556,1
/html/body/document/type/sequence/filename/description/text/p[430]/font[1]/b,Section 4.05,ssn,96,"[0.3714670425087459, 0.03888888888888889, 0.047314444444444444, 0.00037751994563712784]",1,103,0.3714670425087459,0.03888888888888889,0.047314444444444444,0.00037751994563712784,0.3714670425087459,1
/html/body/document/type/sequence/filename/description/text/p[430]/b,Capitalization; Subsidiaries,sst,97,"[0.3714670425087459, 0.10240347222222224, 0.10981458333333334, 0.00037751994563712784]",1,104,0.3714670425087459,0.10240347222222224,0.10981458333333334,0.00037751994563712784,0.3714670425087459,1
/html/body/document/type/sequence/filename/description/text/div[59]/p/font,26,n,98,"[0.37967180932725947, 0.4953666666666666, 0.009261041666666667, 0.00037751994563712784]",1,105,0.37967180932725947,0.4953666666666666,0.009261041666666667,0.00037751994563712784,0.37967180932725947,1
/html/body/document/type/sequence/filename/description/text/p[444]/font[1]/b,Section 4.06,ssn,99,"[0.3857624644502051, 0.03888888888888889, 0.047314444444444444, 0.00037751994563712784]",1,106,0.3857624644502051,0.03888888888888889,0.047314444444444444,0.00037751994563712784,0.3857624644502051,1
/html/body/document/type/sequence/filename/description/text/p[444]/b,Company SEC Documents; Company Financial Statements; Disclosure Controls,sst,100,"[0.3857624644502051, 0.10240347222222224, 0.3177465277777778, 0.00037751994563712784]",1,107,0.3857624644502051,0.10240347222222224,0.3177465277777778,0.00037751994563712784,0.3857624644502051,1
/html/body/document/type/sequence/filename/description/text/div[61]/p/font,27,n,101,"[0.3916266076057685, 0.4953666666666666, 0.009261041666666667, 0.00037751994563712784]",1,108,0.3916266076057685,0.4953666666666666,0.009261041666666667,0.00037751994563712784,0.3916266076057685,1
/html/body/document/type/sequence/filename/description/text/p[456]/font[1]/b,Section 4.07,ssn,102,"[0.39654695089723907, 0.03888888888888889, 0.047314444444444444, 0.00037751994563712784]",1,109,0.39654695089723907,0.03888888888888889,0.047314444444444444,0.00037751994563712784,0.39654695089723907,1
/html/body/document/type/sequence/filename/description/text/p[456]/b,Absence of Certain Changes,sst,103,"[0.39654695089723907, 0.10189375, 0.11184861111111112, 0.00037751994563712784]",1,110,0.39654695089723907,0.10189375,0.11184861111111112,0.00037751994563712784,0.39654695089723907,1
/html/body/document/type/sequence/filename/description/text/p[458]/font[1]/b,Section 4.08,ssn,104,"[0.3981073666725392, 0.03888888888888889, 0.047314444444444444, 0.00037751994563712784]",1,111,0.3981073666725392,0.03888888888888889,0.047314444444444444,0.00037751994563712784,0.3981073666725392,1
/html/body/document/type/sequence/filename/description/text/p[458]/b,No Undisclosed Liabilities,sst,105,"[0.3981073666725392, 0.10240347222222224, 0.10287569444444444, 0.00037751994563712784]",1,112,0.3981073666725392,0.10240347222222224,0.10287569444444444,0.00037751994563712784,0.3981073666725392,1
/html/body/document/type/sequence/filename/description/text/div[63]/p/font,28,n,106,"[0.4004605743336773, 0.4953666666666666, 0.009261041666666667, 0.00037751994563712784]",1,113,0.4004605743336773,0.4953666666666666,0.009261041666666667,0.00037751994563712784,0.4004605743336773,1
/html/body/document/type/sequence/filename/description/text/p[461]/font[1]/b,Section 4.09,ssn,107,"[0.4022600860745476, 0.03888888888888889, 0.047314444444444444, 0.00037751994563712784]",1,114,0.4022600860745476,0.03888888888888889,0.047314444444444444,0.00037751994563712784,0.4022600860745476,1
/html/body/document/type/sequence/filename/description/text/p[461]/b,Company Material Contracts,sst,108,"[0.4022600860745476, 0.10240347222222224, 0.11672083333333333, 0.00037751994563712784]",1,115,0.4022600860745476,0.10240347222222224,0.11672083333333333,0.00037751994563712784,0.4022600860745476,1
/html/body/document/type/sequence/filename/description/text/div[65]/p/font,29,n,109,"[0.41046485289306117, 0.4953666666666666, 0.009261041666666667, 0.00037751994563712784]",1,116,0.41046485289306117,0.4953666666666666,0.009261041666666667,0.00037751994563712784,0.41046485289306117,1
/html/body/document/type/sequence/filename/description/text/div[67]/p/font,30,n,110,"[0.4224196511715702, 0.4953666666666666, 0.009261041666666667, 0.00037751994563712784]",1,117,0.4224196511715702,0.4953666666666666,0.009261041666666667,0.00037751994563712784,0.4224196511715702,1
/html/body/document/type/sequence/filename/description/text/p[509]/font[1]/b,Section 4.10,ssn,111,"[0.43241134573276624, 0.03888888888888889, 0.047314444444444444, 0.00037751994563712784]",1,118,0.43241134573276624,0.03888888888888889,0.047314444444444444,0.00037751994563712784,0.43241134573276624,1
/html/body/document/type/sequence/filename/description/text/p[509]/b,Compliance with Applicable Laws; Company Licenses,sst,112,"[0.43241134573276624, 0.10240347222222224, 0.3170409722222222, 0.00037751994563712784]",2,119,0.43241134573276624,0.10240347222222224,0.3170409722222222,0.00037751994563712784,0.43241134573276624,2
/html/body/document/type/sequence/filename/description/text/p[509]/b/font,; Data Privacy & Security,sst,112,"[0.43241134573276624, 0.10240347222222224, 0.3170409722222222, 0.00037751994563712784]",2,120,0.43241134573276624,0.10240347222222224,0.3170409722222222,0.00037751994563712784,0.43241134573276624,2
/html/body/document/type/sequence/filename/description/text/div[69]/p/font,31,n,113,"[0.43632496916920444, 0.4953666666666666, 0.009261041666666667, 0.00037751994563712784]",1,121,0.43632496916920444,0.4953666666666666,0.009261041666666667,0.00037751994563712784,0.43632496916920444,1
/html/body/document/type/sequence/filename/description/text/div[71]/p/font,32,n,114,"[0.44320841617798806, 0.4953666666666666, 0.009261041666666667, 0.00037751994563712784]",1,122,0.44320841617798806,0.4953666666666666,0.009261041666666667,0.00037751994563712784,0.44320841617798806,1
/html/body/document/type/sequence/filename/description/text/p[527]/font[1]/b,Section 4.11,ssn,115,"[0.45202979890770895, 0.03888888888888889, 0.04680444444444444, 0.00037751994563712784]",1,123,0.45202979890770895,0.03888888888888889,0.04680444444444444,0.00037751994563712784,0.45202979890770895,1
/html/body/document/type/sequence/filename/description/text/p[527]/b,Litigation,sst,116,"[0.45202979890770895, 0.10189375, 0.039089652777777775, 0.00037751994563712784]",1,124,0.45202979890770895,0.10189375,0.039089652777777775,0.00037751994563712784,0.45202979890770895,1
/html/body/document/type/sequence/filename/description/text/div[73]/p/font,33,n,117,"[0.453992902625022, 0.4953666666666666, 0.009261041666666667, 0.00037751994563712784]",1,125,0.453992902625022,0.4953666666666666,0.009261041666666667,0.00037751994563712784,0.453992902625022,1
/html/body/document/type/sequence/filename/description/text/p[531]/font[1]/b,Section 4.12,ssn,118,"[0.45579241436589235, 0.03888888888888889, 0.047314444444444444, 0.00037751994563712784]",1,126,0.45579241436589235,0.03888888888888889,0.047314444444444444,0.00037751994563712784,0.45579241436589235,1
/html/body/document/type/sequence/filename/description/text/p[531]/b,Real Property,sst,119,"[0.45579241436589235, 0.10240347222222224, 0.05560979166666667, 0.00037751994563712784]",1,127,0.45579241436589235,0.10240347222222224,0.05560979166666667,0.00037751994563712784,0.45579241436589235,1
/html/body/document/type/sequence/filename/description/text/p[537]/font[1]/b,Section 4.13,ssn,120,"[0.46125386957944275, 0.03888888888888889, 0.047314444444444444, 0.00037751994563712784]",1,128,0.46125386957944275,0.03888888888888889,0.047314444444444444,0.00037751994563712784,0.46125386957944275,1
/html/body/document/type/sequence/filename/description/text/p[537]/b,Intellectual Property,sst,121,"[0.46125386957944275, 0.10240347222222224, 0.08235138888888889, 0.00037751994563712784]",1,129,0.46125386957944275,0.10240347222222224,0.08235138888888889,0.00037751994563712784,0.46125386957944275,1
/html/body/document/type/sequence/filename/description/text/div[75]/p/font,34,n,122,"[0.465167493015881, 0.4953666666666666, 0.009261041666666667, 0.00037751994563712784]",1,130,0.465167493015881,0.4953666666666666,0.009261041666666667,0.00037751994563712784,0.465167493015881,1
/html/body/document/type/sequence/filename/description/text/div[77]/p/font,35,n,123,"[0.476732187350565, 0.4953666666666666, 0.009261041666666667, 0.00037751994563712784]",1,131,0.476732187350565,0.4953666666666666,0.009261041666666667,0.00037751994563712784,0.476732187350565,1
/html/body/document/type/sequence/filename/description/text/p[559]/font[1]/b,Section 4.14,ssn,124,"[0.48048221881056047, 0.03888888888888889, 0.047314444444444444, 0.00037751994563712784]",1,132,0.48048221881056047,0.03888888888888889,0.047314444444444444,0.00037751994563712784,0.48048221881056047,1
/html/body/document/type/sequence/filename/description/text/p[559]/b,Insurance Coverage,sst,125,"[0.48048221881056047, 0.10240347222222224, 0.07944305555555556, 0.00037751994563712784]",1,133,0.48048221881056047,0.10240347222222224,0.07944305555555556,0.00037751994563712784,0.48048221881056047,1
/html/body/document/type/sequence/filename/description/text/p[561]/font[1]/b,Section 4.15,ssn,126,"[0.4832129464173357, 0.03888888888888889, 0.047314444444444444, 0.00037751994563712784]",1,134,0.4832129464173357,0.03888888888888889,0.047314444444444444,0.00037751994563712784,0.4832129464173357,1
/html/body/document/type/sequence/filename/description/text/p[561]/b,Tax Matters,sst,127,"[0.4832129464173357, 0.10223541666666666, 0.048247638888888895, 0.00037751994563712784]",1,135,0.4832129464173357,0.10223541666666666,0.048247638888888895,0.00037751994563712784,0.4832129464173357,1
/html/body/document/type/sequence/filename/description/text/div[79]/p/font,36,n,128,"[0.48712656985377395, 0.4953666666666666, 0.009261041666666667, 0.00037751994563712784]",1,136,0.48712656985377395,0.4953666666666666,0.009261041666666667,0.00037751994563712784,0.48712656985377395,1
/html/body/document/type/sequence/filename/description/text/div[81]/p/font,37,n,129,"[0.49986157601993303, 0.4953666666666666, 0.009261041666666667, 0.00037751994563712784]",1,137,0.49986157601993303,0.4953666666666666,0.009261041666666667,0.00037751994563712784,0.49986157601993303,1
/html/body/document/type/sequence/filename/description/text/p[608]/font[1]/b,Section 4.16,ssn,130,"[0.5075126469181789, 0.03888888888888889, 0.047314444444444444, 0.00037751994563712784]",1,138,0.5075126469181789,0.03888888888888889,0.047314444444444444,0.00037751994563712784,0.5075126469181789,1
/html/body/document/type/sequence/filename/description/text/p[608]/b,Employees and Employee Benefit Plans,sst,131,"[0.5075126469181789, 0.10240347222222224, 0.15582708333333334, 0.00037751994563712784]",1,139,0.5075126469181789,0.10240347222222224,0.15582708333333334,0.00037751994563712784,0.5075126469181789,1
/html/body/document/type/sequence/filename/description/text/div[83]/p/font,38,n,132,"[0.5125965821860922, 0.4953666666666666, 0.009261041666666667, 0.00037751994563712784]",1,140,0.5125965821860922,0.4953666666666666,0.009261041666666667,0.00037751994563712784,0.5125965821860922,1
/html/body/document/type/sequence/filename/description/text/div[85]/p/font,39,n,133,"[0.5226008607454761, 0.4953666666666666, 0.009261041666666667, 0.00037751994563712784]",1,141,0.5226008607454761,0.4953666666666666,0.009261041666666667,0.00037751994563712784,0.5226008607454761,1
/html/body/document/type/sequence/filename/description/text/p[634]/font[1]/b,Section 4.17,ssn,134,"[0.5290816198122468, 0.03888888888888889, 0.047314444444444444, 0.00037751994563712784]",1,142,0.5290816198122468,0.03888888888888889,0.047314444444444444,0.00037751994563712784,0.5290816198122468,1
/html/body/document/type/sequence/filename/description/text/p[634]/b,Environmental Matters,sst,135,"[0.5290816198122468, 0.10240347222222224, 0.09315833333333333, 0.00037751994563712784]",1,143,0.5290816198122468,0.10240347222222224,0.09315833333333333,0.00037751994563712784,0.5290816198122468,1
/html/body/document/type/sequence/filename/description/text/div[87]/p/font,40,n,136,"[0.53338534719251, 0.4953666666666666, 0.009261041666666667, 0.00037751994563712784]",1,144,0.53338534719251,0.4953666666666666,0.009261041666666667,0.00037751994563712784,0.53338534719251,1
/html/body/document/type/sequence/filename/description/text/p[638]/font[1]/b,Section 4.18,ssn,137,"[0.5351848589333803, 0.03888888888888889, 0.047314444444444444, 0.00037751994563712784]",1,145,0.5351848589333803,0.03888888888888889,0.047314444444444444,0.00037751994563712784,0.5351848589333803,1
/html/body/document/type/sequence/filename/description/text/p[638]/b,Information in the Proxy Statement,sst,138,"[0.5351848589333803, 0.10240347222222224, 0.14124375, 0.00037751994563712784]",1,146,0.5351848589333803,0.10240347222222224,0.14124375,0.00037751994563712784,0.5351848589333803,1
/html/body/document/type/sequence/filename/description/text/p[640]/font[1]/b,Section 4.19,ssn,139,"[0.5375254825963305, 0.03888888888888889, 0.047314444444444444, 0.00037751994563712784]",1,147,0.5375254825963305,0.03888888888888889,0.047314444444444444,0.00037751994563712784,0.5375254825963305,1
/html/body/document/type/sequence/filename/description/text/p[640]/b,Required Vote,sst,140,"[0.5375254825963305, 0.10240347222222224, 0.05666777777777778, 0.00037751994563712784]",1,148,0.5375254825963305,0.10240347222222224,0.05666777777777778,0.00037751994563712784,0.5375254825963305,1
/html/body/document/type/sequence/filename/description/text/p[642]/font[1]/b,Section 4.20,ssn,141,"[0.5386957944278056, 0.03888888888888889, 0.047314444444444444, 0.00037751994563712784]",1,149,0.5386957944278056,0.03888888888888889,0.047314444444444444,0.00037751994563712784,0.5386957944278056,1
/html/body/document/type/sequence/filename/description/text/p[642]/b,No Brokers,sst,142,"[0.5386957944278056, 0.10240347222222224, 0.04534506944444444, 0.00037751994563712784]",1,150,0.5386957944278056,0.10240347222222224,0.04534506944444444,0.00037751994563712784,0.5386957944278056,1
/html/body/document/type/sequence/filename/description/text/p[644]/font[1]/b,Section 4.21,ssn,143,"[0.5398661062592807, 0.03888888888888889, 0.047314444444444444, 0.00037751994563712784]",1,151,0.5398661062592807,0.03888888888888889,0.047314444444444444,0.00037751994563712784,0.5398661062592807,1
/html/body/document/type/sequence/filename/description/text/p[644]/b,Affiliate Arrangements,sst,144,"[0.5398661062592807, 0.10189375, 0.09125972222222221, 0.00037751994563712784]",1,152,0.5398661062592807,0.10189375,0.09125972222222221,0.00037751994563712784,0.5398661062592807,1
/html/body/document/type/sequence/filename/description/text/p[646]/font[1]/b,Section 4.22,ssn,145,"[0.5410364180907558, 0.03888888888888889, 0.047314444444444444, 0.00037751994563712784]",1,153,0.5410364180907558,0.03888888888888889,0.047314444444444444,0.00037751994563712784,0.5410364180907558,1
/html/body/document/type/sequence/filename/description/text/p[646]/b,Material Customers; Material Vendors,sst,146,"[0.5410364180907558, 0.10240347222222224, 0.15399305555555556, 0.00037751994563712784]",1,154,0.5410364180907558,0.10240347222222224,0.15399305555555556,0.00037751994563712784,0.5410364180907558,1
/html/body/document/type/sequence/filename/description/text/div[89]/p/font,41,n,147,"[0.544169833639544, 0.4953666666666666, 0.009261041666666667, 0.00037751994563712784]",1,155,0.544169833639544,0.4953666666666666,0.009261041666666667,0.00037751994563712784,0.544169833639544,1
/html/body/document/type/sequence/filename/description/text/p[654]/font[1]/b,Section 4.23,ssn,148,"[0.5479198650995394, 0.03888888888888889, 0.047314444444444444, 0.00037751994563712784]",1,156,0.5479198650995394,0.03888888888888889,0.047314444444444444,0.00037751994563712784,0.5479198650995394,1
/html/body/document/type/sequence/filename/description/text/p[654]/b,Government Contracts,sst,149,"[0.5479198650995394, 0.10240347222222224, 0.09126527777777778, 0.00037751994563712784]",1,157,0.5479198650995394,0.10240347222222224,0.09126527777777778,0.00037751994563712784,0.5479198650995394,1
/html/body/document/type/sequence/filename/description/text/p[656]/font[1]/b,Section 4.24,ssn,150,"[0.5514308005939648, 0.03888888888888889, 0.047314444444444444, 0.00037751994563712784]",1,158,0.5514308005939648,0.03888888888888889,0.047314444444444444,0.00037751994563712784,0.5514308005939648,1
/html/body/document/type/sequence/filename/description/text/p[656]/b,Accounts Payable; Accounts Receivable,sst,151,"[0.5514308005939648, 0.10189375, 0.15658125, 0.00037751994563712784]",1,159,0.5514308005939648,0.10189375,0.15658125,0.00037751994563712784,0.5514308005939648,1
/html/body/document/type/sequence/filename/description/text/div[91]/p/font,42,n,152,"[0.5533939043112778, 0.4953666666666666, 0.009261041666666667, 0.00037751994563712784]",1,160,0.5533939043112778,0.4953666666666666,0.009261041666666667,0.00037751994563712784,0.5533939043112778,1
/html/body/document/type/sequence/filename/description/text/p[660]/font[1]/b,Section 4.25,ssn,153,"[0.5551934160521481, 0.03888888888888889, 0.047314444444444444, 0.00037751994563712784]",1,161,0.5551934160521481,0.03888888888888889,0.047314444444444444,0.00037751994563712784,0.5551934160521481,1
/html/body/document/type/sequence/filename/description/text/p[660]/b,No Additional Representations or Warranties,sst,154,"[0.5551934160521481, 0.10240347222222224, 0.17898194444444443, 0.00037751994563712784]",1,162,0.5551934160521481,0.10240347222222224,0.17898194444444443,0.00037751994563712784,0.5551934160521481,1
/html/body/document/type/sequence/filename/description/text/p[662]/font[1]/b,Section 4.26,ssn,155,"[0.5579241436589233, 0.03888888888888889, 0.047314444444444444, 0.00037751994563712784]",1,163,0.5579241436589233,0.03888888888888889,0.047314444444444444,0.00037751994563712784,0.5579241436589233,1
/html/body/document/type/sequence/filename/description/text/p[662]/b,Acknowledgement of No Additional Representations or Warranties,sst,156,"[0.5579241436589233, 0.10189375, 0.2643388888888889, 0.00037751994563712784]",1,164,0.5579241436589233,0.10189375,0.2643388888888889,0.00037751994563712784,0.5579241436589233,1
/html/body/document/type/sequence/filename/description/text/p[664]/font/b,Article V,sn,157,"[0.5598746633780485, 0.47409375000000004, 0.04949541666666667, 0.00037751994563712784]",1,165,0.5598746633780485,0.47409375000000004,0.04949541666666667,0.00037751994563712784,0.5598746633780485,1
/html/body/document/type/sequence/filename/description/text/p[664],"REPRESENTATIONS AND WARRANTIES OF PARENT, INTERMEDIATE HOLDCO AND MERGER SUB",st,158,"[0.5602647673218735, 0.28131527777777776, 0.4373694444444445, 0.00037751994563712784]",1,166,0.5602647673218735,0.28131527777777776,0.4373694444444445,0.00037751994563712784,0.5602647673218735,1
/html/body/document/type/sequence/filename/description/text/p[668]/font[1]/b,Section 5.01,ssn,159,"[0.5618251830971737, 0.03888888888888889, 0.047314444444444444, 0.00037751994563712784]",1,167,0.5618251830971737,0.03888888888888889,0.047314444444444444,0.00037751994563712784,0.5618251830971737,1
/html/body/document/type/sequence/filename/description/text/p[668]/b,Corporate Existence and Power,sst,160,"[0.5618251830971737, 0.10240347222222224, 0.12571597222222222, 0.00037751994563712784]",1,168,0.5618251830971737,0.10240347222222224,0.12571597222222222,0.00037751994563712784,0.5618251830971737,1
/html/body/document/type/sequence/filename/description/text/div[93]/p/font,43,n,161,"[0.5641783907583118, 0.4953666666666666, 0.009261041666666667, 0.00037751994563712784]",1,169,0.5641783907583118,0.4953666666666666,0.009261041666666667,0.00037751994563712784,0.5641783907583118,1
/html/body/document/type/sequence/filename/description/text/p[672]/font[1]/b,Section 5.02,ssn,162,"[0.565977902499182, 0.03888888888888889, 0.047314444444444444, 0.00037751994563712784]",1,170,0.565977902499182,0.03888888888888889,0.047314444444444444,0.00037751994563712784,0.565977902499182,1
/html/body/document/type/sequence/filename/description/text/p[672]/b,Corporate Authorization,sst,163,"[0.565977902499182, 0.10240347222222224, 0.09847569444444446, 0.00037751994563712784]",1,171,0.565977902499182,0.10240347222222224,0.09847569444444446,0.00037751994563712784,0.565977902499182,1
/html/body/document/type/sequence/filename/description/text/p[680]/font[1]/b,Section 5.03,ssn,164,"[0.5722195656003826, 0.03888888888888889, 0.047314444444444444, 0.00037751994563712784]",1,172,0.5722195656003826,0.03888888888888889,0.047314444444444444,0.00037751994563712784,0.5722195656003826,1
/html/body/document/type/sequence/filename/description/text/p[680]/b,Governmental Authorization,sst,165,"[0.5722195656003826, 0.10240347222222224, 0.11442083333333333, 0.00037751994563712784]",1,173,0.5722195656003826,0.10240347222222224,0.11442083333333333,0.00037751994563712784,0.5722195656003826,1
/html/body/document/type/sequence/filename/description/text/div[95]/p/font,44,n,166,"[0.5745727732615207, 0.4953666666666666, 0.009261041666666667, 0.00037751994563712784]",1,174,0.5745727732615207,0.4953666666666666,0.009261041666666667,0.00037751994563712784,0.5745727732615207,1
/html/body/document/type/sequence/filename/description/text/p[684]/font[1]/b,Section 5.04,ssn,167,"[0.5763722850023909, 0.03888888888888889, 0.047314444444444444, 0.00037751994563712784]",1,175,0.5763722850023909,0.03888888888888889,0.047314444444444444,0.00037751994563712784,0.5763722850023909,1
/html/body/document/type/sequence/filename/description/text/p[684]/b,Non-Contravention,sst,168,"[0.5763722850023909, 0.10240347222222224, 0.07714305555555555, 0.00037751994563712784]",1,176,0.5763722850023909,0.10240347222222224,0.07714305555555555,0.00037751994563712784,0.5763722850023909,1
/html/body/document/type/sequence/filename/description/text/p[686]/font[1]/b,Section 5.05,ssn,169,"[0.5794931165529912, 0.03888888888888889, 0.047314444444444444, 0.00037751994563712784]",1,177,0.5794931165529912,0.03888888888888889,0.047314444444444444,0.00037751994563712784,0.5794931165529912,1
/html/body/document/type/sequence/filename/description/text/p[686]/b,Litigation,sst,170,"[0.5794931165529912, 0.10240347222222224, 0.039089652777777775, 0.00037751994563712784]",1,178,0.5794931165529912,0.10240347222222224,0.039089652777777775,0.00037751994563712784,0.5794931165529912,1
/html/body/document/type/sequence/filename/description/text/p[688]/font[1]/b,Section 5.06,ssn,171,"[0.5814436362721164, 0.03888888888888889, 0.047314444444444444, 0.00037751994563712784]",1,179,0.5814436362721164,0.03888888888888889,0.047314444444444444,0.00037751994563712784,0.5814436362721164,1
/html/body/document/type/sequence/filename/description/text/p[688]/b,No Brokers,sst,172,"[0.5814436362721164, 0.10240347222222224, 0.04534506944444444, 0.00037751994563712784]",1,180,0.5814436362721164,0.10240347222222224,0.04534506944444444,0.00037751994563712784,0.5814436362721164,1
/html/body/document/type/sequence/filename/description/text/p[690]/font[1]/b,Section 5.07,ssn,173,"[0.5826139481035915, 0.03888888888888889, 0.047314444444444444, 0.00037751994563712784]",1,181,0.5826139481035915,0.03888888888888889,0.047314444444444444,0.00037751994563712784,0.5826139481035915,1
/html/body/document/type/sequence/filename/description/text/p[690]/b,Ownership of Company Capital Stock,sst,174,"[0.5826139481035915, 0.10240347222222224, 0.15070555555555554, 0.00037751994563712784]",1,182,0.5826139481035915,0.10240347222222224,0.15070555555555554,0.00037751994563712784,0.5826139481035915,1
/html/body/document/type/sequence/filename/description/text/div[97]/p/font,45,n,175,"[0.5865275715400297, 0.4953666666666666, 0.009261041666666667, 0.00037751994563712784]",1,183,0.5865275715400297,0.4953666666666666,0.009261041666666667,0.00037751994563712784,0.5865275715400297,1
/html/body/document/type/sequence/filename/description/text/p[698]/font[1]/b,Section 5.08,ssn,176,"[0.5883270832809, 0.03888888888888889, 0.047314444444444444, 0.00037751994563712784]",1,184,0.5883270832809,0.03888888888888889,0.047314444444444444,0.00037751994563712784,0.5883270832809,1
/html/body/document/type/sequence/filename/description/text/p[698]/b,Financial Capacity,sst,177,"[0.5883270832809, 0.10240347222222224, 0.07483194444444444, 0.00037751994563712784]",1,185,0.5883270832809,0.10240347222222224,0.07483194444444444,0.00037751994563712784,0.5883270832809,1
/html/body/document/type/sequence/filename/description/text/div[99]/p/font,46,n,178,"[0.5973120579870637, 0.4953666666666666, 0.009261041666666667, 0.00037751994563712784]",1,186,0.5973120579870637,0.4953666666666666,0.009261041666666667,0.00037751994563712784,0.5973120579870637,1
/html/body/document/type/sequence/filename/description/text/p[702]/font[1]/b,Section 5.09,ssn,179,"[0.599111569727934, 0.03888888888888889, 0.047314444444444444, 0.00037751994563712784]",1,187,0.599111569727934,0.03888888888888889,0.047314444444444444,0.00037751994563712784,0.599111569727934,1
/html/body/document/type/sequence/filename/description/text/p[702]/b,Solvency,sst,180,"[0.599111569727934, 0.10240347222222224, 0.034971805555555555, 0.00037751994563712784]",1,188,0.599111569727934,0.10240347222222224,0.034971805555555555,0.00037751994563712784,0.599111569727934,1
/html/body/document/type/sequence/filename/description/text/p[704]/font[1]/b,Section 5.10,ssn,181,"[0.6018422973347092, 0.03888888888888889, 0.047314444444444444, 0.00037751994563712784]",1,189,0.6018422973347092,0.03888888888888889,0.047314444444444444,0.00037751994563712784,0.6018422973347092,1
/html/body/document/type/sequence/filename/description/text/p[704]/b,Information in the Proxy Statement,sst,182,"[0.6018422973347092, 0.10240347222222224, 0.14124375, 0.00037751994563712784]",1,190,0.6018422973347092,0.10240347222222224,0.14124375,0.00037751994563712784,0.6018422973347092,1
/html/body/document/type/sequence/filename/description/text/p[706]/font[1]/b,Section 5.11,ssn,183,"[0.6034027131100093, 0.03888888888888889, 0.04680444444444444, 0.00037751994563712784]",1,191,0.6034027131100093,0.03888888888888889,0.04680444444444444,0.00037751994563712784,0.6034027131100093,1
/html/body/document/type/sequence/filename/description/text/p[706]/b,Ownership of Merger Sub; No Prior Activities,sst,184,"[0.6034027131100093, 0.10189375, 0.18220486111111112, 0.00037751994563712784]",1,192,0.6034027131100093,0.10189375,0.18220486111111112,0.00037751994563712784,0.6034027131100093,1
/html/body/document/type/sequence/filename/description/text/div[101]/p/font,47,n,185,"[0.6057559207711474, 0.4953666666666666, 0.009261041666666667, 0.00037751994563712784]",1,193,0.6057559207711474,0.4953666666666666,0.009261041666666667,0.00037751994563712784,0.6057559207711474,1
/html/body/document/type/sequence/filename/description/text/p[710]/font[1]/b,Section 5.12,ssn,186,"[0.6075554325120177, 0.03888888888888889, 0.047314444444444444, 0.00037751994563712784]",1,194,0.6075554325120177,0.03888888888888889,0.047314444444444444,0.00037751994563712784,0.6075554325120177,1
/html/body/document/type/sequence/filename/description/text/p[710]/b,Company Arrangements,sst,187,"[0.6075554325120177, 0.10240347222222224, 0.09745555555555556, 0.00037751994563712784]",1,195,0.6075554325120177,0.10240347222222224,0.09745555555555556,0.00037751994563712784,0.6075554325120177,1
/html/body/document/type/sequence/filename/description/text/p[712]/font[1]/b,Section 5.13,ssn,188,"[0.6087257443434928, 0.03888888888888889, 0.047314444444444444, 0.00037751994563712784]",1,196,0.6087257443434928,0.03888888888888889,0.047314444444444444,0.00037751994563712784,0.6087257443434928,1
/html/body/document/type/sequence/filename/description/text/p[712]/b,Investment Intention,sst,189,"[0.6087257443434928, 0.10240347222222224, 0.08306180555555555, 0.00037751994563712784]",1,197,0.6087257443434928,0.10240347222222224,0.08306180555555555,0.00037751994563712784,0.6087257443434928,1
/html/body/document/type/sequence/filename/description/text/p[714]/font[1]/b,Section 5.14,ssn,190,"[0.610286160118793, 0.03888888888888889, 0.047314444444444444, 0.00037751994563712784]",1,198,0.610286160118793,0.03888888888888889,0.047314444444444444,0.00037751994563712784,0.610286160118793,1
/html/body/document/type/sequence/filename/description/text/p[714]/b,Absence of Certain Agreements,sst,191,"[0.610286160118793, 0.10189375, 0.12451736111111111, 0.00037751994563712784]",1,199,0.610286160118793,0.10189375,0.12451736111111111,0.00037751994563712784,0.610286160118793,1
/html/body/document/type/sequence/filename/description/text/p[716]/font[1]/b,Section 5.15,ssn,192,"[0.6126267837817432, 0.03888888888888889, 0.047314444444444444, 0.00037751994563712784]",1,200,0.6126267837817432,0.03888888888888889,0.047314444444444444,0.00037751994563712784,0.6126267837817432,1
/html/body/document/type/sequence/filename/description/text/p[716]/b,No Additional Representations and Warranties,sst,193,"[0.6126267837817432, 0.10240347222222224, 0.18533541666666664, 0.00037751994563712784]",1,201,0.6126267837817432,0.10240347222222224,0.18533541666666664,0.00037751994563712784,0.6126267837817432,1
/html/body/document/type/sequence/filename/description/text/p[718]/font[1]/b,Section 5.16,ssn,194,"[0.6149674074446934, 0.03888888888888889, 0.047314444444444444, 0.00037751994563712784]",1,202,0.6149674074446934,0.03888888888888889,0.047314444444444444,0.00037751994563712784,0.6149674074446934,1
/html/body/document/type/sequence/filename/description/text/p[718]/b,Acknowledgement of No Additional Representations and Warranties,sst,195,"[0.6149674074446934, 0.10189375, 0.27069791666666665, 0.00037751994563712784]",1,203,0.6149674074446934,0.10189375,0.27069791666666665,0.00037751994563712784,0.6149674074446934,1
/html/body/document/type/sequence/filename/description/text/div[103]/p/font,48,n,196,"[0.6173206151058315, 0.4953666666666666, 0.009261041666666667, 0.00037751994563712784]",1,204,0.6173206151058315,0.4953666666666666,0.009261041666666667,0.00037751994563712784,0.6173206151058315,1
/html/body/document/type/sequence/filename/description/text/p[722]/font/b,Article VI,sn,197,"[0.6191201268467017, 0.4716958333333333, 0.054291458333333334, 0.00037751994563712784]",1,205,0.6191201268467017,0.4716958333333333,0.054291458333333334,0.00037751994563712784,0.6191201268467017,1
/html/body/document/type/sequence/filename/description/text/p[722],COVENANTS OF THE COMPANY,st,198,"[0.6195102307905268, 0.4276965277777778, 0.14460694444444444, 0.00037751994563712784]",1,206,0.6195102307905268,0.4276965277777778,0.14460694444444444,0.00037751994563712784,0.6195102307905268,1
/html/body/document/type/sequence/filename/description/text/p[724]/font[1]/b,Section 6.01,ssn,199,"[0.6202904386781768, 0.03888888888888889, 0.047314444444444444, 0.00037751994563712784]",1,207,0.6202904386781768,0.03888888888888889,0.047314444444444444,0.00037751994563712784,0.6202904386781768,1
/html/body/document/type/sequence/filename/description/text/p[724]/b,Conduct of the Company Pending the Merger,sst,200,"[0.6202904386781768, 0.10240347222222224, 0.18101666666666666, 0.00037751994563712784]",1,208,0.6202904386781768,0.10240347222222224,0.18101666666666666,0.00037751994563712784,0.6202904386781768,1
/html/body/document/type/sequence/filename/description/text/div[105]/p/font,49,n,201,"[0.6273248936652153, 0.4953666666666666, 0.009261041666666667, 0.00037751994563712784]",1,209,0.6273248936652153,0.4953666666666666,0.009261041666666667,0.00037751994563712784,0.6273248936652153,1
/html/body/document/type/sequence/filename/description/text/div[107]/p/font,50,n,202,"[0.6377192761684243, 0.4953666666666666, 0.009261041666666667, 0.00037751994563712784]",1,210,0.6377192761684243,0.4953666666666666,0.009261041666666667,0.00037751994563712784,0.6377192761684243,1
/html/body/document/type/sequence/filename/description/text/div[109]/p/font,51,n,203,"[0.6496740744469333, 0.4953666666666666, 0.009261041666666667, 0.00037751994563712784]",1,211,0.6496740744469333,0.4953666666666666,0.009261041666666667,0.00037751994563712784,0.6496740744469333,1
/html/body/document/type/sequence/filename/description/text/div[111]/p/font,52,n,204,"[0.6612387687816172, 0.4953666666666666, 0.009261041666666667, 0.00037751994563712784]",1,212,0.6612387687816172,0.4953666666666666,0.009261041666666667,0.00037751994563712784,0.6612387687816172,1
/html/body/document/type/sequence/filename/description/text/p[784]/font[1]/b,Section 6.02,ssn,205,"[0.6630382805224876, 0.03888888888888889, 0.047314444444444444, 0.00037751994563712784]",1,213,0.6630382805224876,0.03888888888888889,0.047314444444444444,0.00037751994563712784,0.6630382805224876,1
/html/body/document/type/sequence/filename/description/text/p[784]/b,No Solicitation; Adverse Recommendation Change,sst,206,"[0.6630382805224876, 0.10240347222222224, 0.20004305555555557, 0.00037751994563712784]",1,214,0.6630382805224876,0.10240347222222224,0.20004305555555557,0.00037751994563712784,0.6630382805224876,1
/html/body/document/type/sequence/filename/description/text/div[113]/p/font,53,n,207,"[0.6700727355095261, 0.4953666666666666, 0.009261041666666667, 0.00037751994563712784]",1,215,0.6700727355095261,0.4953666666666666,0.009261041666666667,0.00037751994563712784,0.6700727355095261,1
/html/body/document/type/sequence/filename/description/text/div[115]/p/font,54,n,208,"[0.6812473259003851, 0.4953666666666666, 0.009261041666666667, 0.00037751994563712784]",1,216,0.6812473259003851,0.4953666666666666,0.009261041666666667,0.00037751994563712784,0.6812473259003851,1
/html/body/document/type/sequence/filename/description/text/div[117]/p/font,55,n,209,"[0.6904713965721189, 0.4953666666666666, 0.009261041666666667, 0.00037751994563712784]",1,217,0.6904713965721189,0.4953666666666666,0.009261041666666667,0.00037751994563712784,0.6904713965721189,1
/html/body/document/type/sequence/filename/description/text/div[119]/p/font,56,n,210,"[0.7008657790753278, 0.4953666666666666, 0.009261041666666667, 0.00037751994563712784]",1,218,0.7008657790753278,0.4953666666666666,0.009261041666666667,0.00037751994563712784,0.7008657790753278,1
/html/body/document/type/sequence/filename/description/text/p[815]/font[1]/b,Section 6.03,ssn,211,"[0.7030553947600231, 0.05555555555555555, 0.047314444444444444, 0.00037751994563712784]",1,219,0.7030553947600231,0.05555555555555555,0.047314444444444444,0.00037751994563712784,0.7030553947600231,1
/html/body/document/type/sequence/filename/description/text/p[815]/b,Access to Information,sst,212,"[0.7030553947600231, 0.11856041666666667, 0.08689791666666666, 0.00037751994563712784]",1,220,0.7030553947600231,0.11856041666666667,0.08689791666666666,0.00037751994563712784,0.7030553947600231,1
/html/body/document/type/sequence/filename/description/text/p[817]/font/b,Article VII,sn,213,"[0.7077366420859236, 0.46989444444444445, 0.057893888888888884, 0.00037751994563712784]",1,221,0.7077366420859236,0.46989444444444445,0.057893888888888884,0.00037751994563712784,0.7077366420859236,1
/html/body/document/type/sequence/filename/description/text/p[818],ADDITIONAL COVENANTS OF THE PARTIES,st,214,"[0.7081267460297486, 0.40097083333333333, 0.19805763888888886, 0.00037751994563712784]",1,222,0.7081267460297486,0.40097083333333333,0.19805763888888886,0.00037751994563712784,0.7081267460297486,1
/html/body/document/type/sequence/filename/description/text/p[820]/font[1]/b,Section 7.01,ssn,215,"[0.7089069539173987, 0.03888888888888889, 0.047314444444444444, 0.00037751994563712784]",1,223,0.7089069539173987,0.03888888888888889,0.047314444444444444,0.00037751994563712784,0.7089069539173987,1
/html/body/document/type/sequence/filename/description/text/p[820]/b,Appropriate Action; Consents; Filings,sst,216,"[0.7089069539173987, 0.10189375, 0.15078125, 0.00037751994563712784]",1,224,0.7089069539173987,0.10189375,0.15078125,0.00037751994563712784,0.7089069539173987,1
/html/body/document/type/sequence/filename/description/text/div[121]/p/font,57,n,217,"[0.7132106812976619, 0.4953666666666666, 0.009261041666666667, 0.00037751994563712784]",1,225,0.7132106812976619,0.4953666666666666,0.009261041666666667,0.00037751994563712784,0.7132106812976619,1
/html/body/document/type/sequence/filename/description/text/div[123]/p/font,58,n,218,"[0.7232149598570458, 0.4953666666666666, 0.009261041666666667, 0.00037751994563712784]",1,226,0.7232149598570458,0.4953666666666666,0.009261041666666667,0.00037751994563712784,0.7232149598570458,1
/html/body/document/type/sequence/filename/description/text/p[834]/font[1]/b,Section 7.02,ssn,219,"[0.7257946794855662, 0.03888888888888889, 0.047314444444444444, 0.00037751994563712784]",1,227,0.7257946794855662,0.03888888888888889,0.047314444444444444,0.00037751994563712784,0.7257946794855662,1
/html/body/document/type/sequence/filename/description/text/p[834]/b,Proxy Statement,sst,220,"[0.7257946794855662, 0.10240347222222224, 0.06590166666666666, 0.00037751994563712784]",1,228,0.7257946794855662,0.10240347222222224,0.06590166666666666,0.00037751994563712784,0.7257946794855662,1
/html/body/document/type/sequence/filename/description/text/div[125]/p/font,59,n,221,"[0.7324390305287796, 0.4953666666666666, 0.009261041666666667, 0.00037751994563712784]",1,229,0.7324390305287796,0.4953666666666666,0.009261041666666667,0.00037751994563712784,0.7324390305287796,1
/html/body/document/type/sequence/filename/description/text/div[127]/p/font,60,n,222,"[0.7420532051443385, 0.4953666666666666, 0.009261041666666667, 0.00037751994563712784]",1,230,0.7420532051443385,0.4953666666666666,0.009261041666666667,0.00037751994563712784,0.7420532051443385,1
/html/body/document/type/sequence/filename/description/text/p[847]/font[1]/b,Section 7.03,ssn,223,"[0.7454131326605089, 0.03888888888888889, 0.047314444444444444, 0.00037751994563712784]",1,231,0.7454131326605089,0.03888888888888889,0.047314444444444444,0.00037751994563712784,0.7454131326605089,1
/html/body/document/type/sequence/filename/description/text/p[847]/b,Confidentiality; Public Announcements,sst,224,"[0.7454131326605089, 0.10240347222222224, 0.15584305555555555, 0.00037751994563712784]",1,232,0.7454131326605089,0.10240347222222224,0.15584305555555555,0.00037751994563712784,0.7454131326605089,1
/html/body/document/type/sequence/filename/description/text/div[129]/p/font,61,n,225,"[0.7497168600407722, 0.4953666666666666, 0.009261041666666667, 0.00037751994563712784]",1,233,0.7497168600407722,0.4953666666666666,0.009261041666666667,0.00037751994563712784,0.7497168600407722,1
/html/body/document/type/sequence/filename/description/text/p[851]/font[1]/b,Section 7.04,ssn,226,"[0.7515163717816424, 0.03888888888888889, 0.047314444444444444, 0.00037751994563712784]",1,234,0.7515163717816424,0.03888888888888889,0.047314444444444444,0.00037751994563712784,0.7515163717816424,1
/html/body/document/type/sequence/filename/description/text/p[851]/b,Indemnification of Officers and Directors,sst,227,"[0.7515163717816424, 0.10240347222222224, 0.16386180555555557, 0.00037751994563712784]",1,235,0.7515163717816424,0.10240347222222224,0.16386180555555557,0.00037751994563712784,0.7515163717816424,1
/html/body/document/type/sequence/filename/description/text/div[131]/p/font,62,n,228,"[0.7612815543754562, 0.4953666666666666, 0.009261041666666667, 0.00037751994563712784]",1,236,0.7612815543754562,0.4953666666666666,0.009261041666666667,0.00037751994563712784,0.7612815543754562,1
/html/body/document/type/sequence/filename/description/text/p[862]/font[1]/b,Section 7.05,ssn,229,"[0.7638612740039765, 0.03888888888888889, 0.047314444444444444, 0.00037751994563712784]",1,237,0.7638612740039765,0.03888888888888889,0.047314444444444444,0.00037751994563712784,0.7638612740039765,1
/html/body/document/type/sequence/filename/description/text/p[862]/b,Section 16 Matters,sst,230,"[0.7638612740039765, 0.10240347222222224, 0.07403402777777777, 0.00037751994563712784]",1,238,0.7638612740039765,0.10240347222222224,0.07403402777777777,0.00037751994563712784,0.7638612740039765,1
/html/body/document/type/sequence/filename/description/text/p[864]/font[1]/b,Section 7.06,ssn,231,"[0.7654216897792767, 0.03888888888888889, 0.047314444444444444, 0.00037751994563712784]",1,239,0.7654216897792767,0.03888888888888889,0.047314444444444444,0.00037751994563712784,0.7654216897792767,1
/html/body/document/type/sequence/filename/description/text/p[864]/b,Stockholder Litigation,sst,232,"[0.7654216897792767, 0.10240347222222224, 0.08906805555555557, 0.00037751994563712784]",1,240,0.7654216897792767,0.10240347222222224,0.08906805555555557,0.00037751994563712784,0.7654216897792767,1
/html/body/document/type/sequence/filename/description/text/p[866]/font[1]/b,Section 7.07,ssn,233,"[0.7681524173860519, 0.03888888888888889, 0.047314444444444444, 0.00037751994563712784]",1,241,0.7681524173860519,0.03888888888888889,0.047314444444444444,0.00037751994563712784,0.7681524173860519,1
/html/body/document/type/sequence/filename/description/text/p[866]/b,Employee Matters,sst,234,"[0.7681524173860519, 0.10240347222222224, 0.07274861111111111, 0.00037751994563712784]",1,242,0.7681524173860519,0.10240347222222224,0.07274861111111111,0.00037751994563712784,0.7681524173860519,1
/html/body/document/type/sequence/filename/description/text/div[133]/p/font,63,n,235,"[0.7724561447663152, 0.4953666666666666, 0.009261041666666667, 0.00037751994563712784]",1,243,0.7724561447663152,0.4953666666666666,0.009261041666666667,0.00037751994563712784,0.7724561447663152,1
/html/body/document/type/sequence/filename/description/text/div[135]/p/font,64,n,236,"[0.7809000075503989, 0.4953666666666666, 0.009261041666666667, 0.00037751994563712784]",1,244,0.7809000075503989,0.4953666666666666,0.009261041666666667,0.00037751994563712784,0.7809000075503989,1
/html/body/document/type/sequence/filename/description/text/p[880]/font[1]/b,Section 7.08,ssn,237,"[0.7877708705609946, 0.03888888888888889, 0.047314444444444444, 0.00037751994563712784]",1,245,0.7877708705609946,0.03888888888888889,0.047314444444444444,0.00037751994563712784,0.7877708705609946,1
/html/body/document/type/sequence/filename/description/text/p[880]/b,Notices of Certain Events,sst,238,"[0.7877708705609946, 0.10240347222222224, 0.10052083333333334, 0.00037751994563712784]",1,246,0.7877708705609946,0.10240347222222224,0.10052083333333334,0.00037751994563712784,0.7877708705609946,1
/html/body/document/type/sequence/filename/description/text/div[137]/p/font,65,n,239,"[0.7901240782221327, 0.4953666666666666, 0.009261041666666667, 0.00037751994563712784]",1,247,0.7901240782221327,0.4953666666666666,0.009261041666666667,0.00037751994563712784,0.7901240782221327,1
/html/body/document/type/sequence/filename/description/text/p[883]/font[1]/b,Section 7.09,ssn,240,"[0.791923589963003, 0.03888888888888889, 0.047314444444444444, 0.00037751994563712784]",1,248,0.791923589963003,0.03888888888888889,0.047314444444444444,0.00037751994563712784,0.791923589963003,1
/html/body/document/type/sequence/filename/description/text/p[883]/b,Stock Exchange Delisting,sst,241,"[0.791923589963003, 0.10240347222222224, 0.10029305555555555, 0.00037751994563712784]",1,249,0.791923589963003,0.10240347222222224,0.10029305555555555,0.00037751994563712784,0.791923589963003,1
/html/body/document/type/sequence/filename/description/text/p[885]/font[1]/b,Section 7.10,ssn,242,"[0.7930939017944781, 0.03888888888888889, 0.047314444444444444, 0.00037751994563712784]",1,250,0.7930939017944781,0.03888888888888889,0.047314444444444444,0.00037751994563712784,0.7930939017944781,1
/html/body/document/type/sequence/filename/description/text/p[885]/b,Merger Sub,sst,243,"[0.7930939017944781, 0.10240347222222224, 0.04739583333333333, 0.00037751994563712784]",1,251,0.7930939017944781,0.10240347222222224,0.04739583333333333,0.00037751994563712784,0.7930939017944781,1
/html/body/document/type/sequence/filename/description/text/p[887]/font[1]/b,Section 7.11,ssn,244,"[0.7942642136259532, 0.03888888888888889, 0.04680444444444444, 0.00037751994563712784]",1,252,0.7942642136259532,0.03888888888888889,0.04680444444444444,0.00037751994563712784,0.7942642136259532,1
/html/body/document/type/sequence/filename/description/text/p[887]/b,Conduct of Business by Parent Pending the Merger,sst,245,"[0.7942642136259532, 0.10189375, 0.20271250000000002, 0.00037751994563712784]",1,253,0.7942642136259532,0.10189375,0.20271250000000002,0.00037751994563712784,0.7942642136259532,1
/html/body/document/type/sequence/filename/description/text/p[889]/font[1]/b,Section 7.12,ssn,246,"[0.7969949412327285, 0.03888888888888889, 0.047314444444444444, 0.00037751994563712784]",1,254,0.7969949412327285,0.03888888888888889,0.047314444444444444,0.00037751994563712784,0.7969949412327285,1
/html/body/document/type/sequence/filename/description/text/p[889]/b,Financing Cooperation,sst,247,"[0.7969949412327285, 0.10240347222222224, 0.09129236111111112, 0.00037751994563712784]",1,255,0.7969949412327285,0.10240347222222224,0.09129236111111112,0.00037751994563712784,0.7969949412327285,1
/html/body/document/type/sequence/filename/description/text/div[139]/p/font,66,n,248,"[0.8016887725568167, 0.4953666666666666, 0.009261041666666667, 0.00037751994563712784]",1,256,0.8016887725568167,0.4953666666666666,0.009261041666666667,0.00037751994563712784,0.8016887725568167,1
/html/body/document/type/sequence/filename/description/text/div[141]/p/font,67,n,249,"[0.8136435708353258, 0.4953666666666666, 0.009261041666666667, 0.00037751994563712784]",1,257,0.8136435708353258,0.4953666666666666,0.009261041666666667,0.00037751994563712784,0.8136435708353258,1
/html/body/document/type/sequence/filename/description/text/div[143]/p/font,68,n,250,"[0.8216973296755845, 0.4953666666666666, 0.009261041666666667, 0.00037751994563712784]",1,258,0.8216973296755845,0.4953666666666666,0.009261041666666667,0.00037751994563712784,0.8216973296755845,1
/html/body/document/type/sequence/filename/description/text/p[919]/font[1]/b,Section 7.13,ssn,251,"[0.8246671532479299, 0.03888888888888889, 0.047314444444444444, 0.00037751994563712784]",1,259,0.8246671532479299,0.03888888888888889,0.047314444444444444,0.00037751994563712784,0.8246671532479299,1
/html/body/document/type/sequence/filename/description/text/p[919]/b,Financing,sst,252,"[0.8246671532479299, 0.10240347222222224, 0.03961048611111111, 0.00037751994563712784]",1,260,0.8246671532479299,0.10240347222222224,0.03961048611111111,0.00037751994563712784,0.8246671532479299,1
/html/body/document/type/sequence/filename/description/text/div[145]/p/font,69,n,253,"[0.838723479223819, 0.4953666666666666, 0.009261041666666667, 0.00037751994563712784]",1,261,0.838723479223819,0.4953666666666666,0.009261041666666667,0.00037751994563712784,0.838723479223819,1
/html/body/document/type/sequence/filename/description/text/p[926]/font[1]/b,Section 7.14,ssn,254,"[0.8405229909646893, 0.03888888888888889, 0.047314444444444444, 0.00037751994563712784]",1,262,0.8405229909646893,0.03888888888888889,0.047314444444444444,0.00037751994563712784,0.8405229909646893,1
/html/body/document/type/sequence/filename/description/text/p[926]/b,Termination of Company Credit Agreement,sst,255,"[0.8405229909646893, 0.10223541666666666, 0.17313333333333333, 0.00037751994563712784]",1,263,0.8405229909646893,0.10223541666666666,0.17313333333333333,0.00037751994563712784,0.8405229909646893,1
/html/body/document/type/sequence/filename/description/text/p[932]/font/b,Article VIII,sn,256,"[0.8440339264591146, 0.46809375, 0.06149631944444444, 0.00037751994563712784]",1,264,0.8440339264591146,0.46809375,0.06149631944444444,0.00037751994563712784,0.8440339264591146,1
/html/body/document/type/sequence/filename/description/text/p[933],CONDITIONS TO THE TRANSACTION,st,257,"[0.8444240304029397, 0.4163576388888889, 0.16727986111111112, 0.00037751994563712784]",1,265,0.8444240304029397,0.4163576388888889,0.16727986111111112,0.00037751994563712784,0.8444240304029397,1
/html/body/document/type/sequence/filename/description/text/p[935]/font[1]/b,Section 8.01,ssn,258,"[0.8452042382905897, 0.03888888888888889, 0.047314444444444444, 0.00037751994563712784]",1,266,0.8452042382905897,0.03888888888888889,0.047314444444444444,0.00037751994563712784,0.8452042382905897,1
/html/body/document/type/sequence/filename/description/text/p[935]/b,Conditions to the Obligations of Each Party,sst,259,"[0.8452042382905897, 0.10240347222222224, 0.17281388888888888, 0.00037751994563712784]",1,267,0.8452042382905897,0.10240347222222224,0.17281388888888888,0.00037751994563712784,0.8452042382905897,1
/html/body/document/type/sequence/filename/description/text/p[943]/font[1]/b,Section 8.02,ssn,260,"[0.84910527772884, 0.03888888888888889, 0.047314444444444444, 0.00037751994563712784]",1,268,0.84910527772884,0.03888888888888889,0.047314444444444444,0.00037751994563712784,0.84910527772884,1
/html/body/document/type/sequence/filename/description/text/p[943]/b,Conditions to the Obligations of Parent and Merger Sub,sst,261,"[0.84910527772884, 0.10240347222222224, 0.22184236111111108, 0.00037751994563712784]",1,269,0.84910527772884,0.10240347222222224,0.22184236111111108,0.00037751994563712784,0.84910527772884,1
/html/body/document/type/sequence/filename/description/text/div[147]/p/font,70,n,262,"[0.8526287972214532, 0.4953666666666666, 0.009261041666666667, 0.00037751994563712784]",1,270,0.8526287972214532,0.4953666666666666,0.009261041666666667,0.00037751994563712784,0.8526287972214532,1
/html/body/document/type/sequence/filename/description/text/p[959]/font[1]/b,Section 8.03,ssn,263,"[0.8591095562882239, 0.03888888888888889, 0.047314444444444444, 0.00037751994563712784]",1,271,0.8591095562882239,0.03888888888888889,0.047314444444444444,0.00037751994563712784,0.8591095562882239,1
/html/body/document/type/sequence/filename/description/text/p[959]/b,Conditions to the Obligations of the Company,sst,264,"[0.8591095562882239, 0.10240347222222224, 0.1815645833333333, 0.00037751994563712784]",1,272,0.8591095562882239,0.10240347222222224,0.1815645833333333,0.00037751994563712784,0.8591095562882239,1
/html/body/document/type/sequence/filename/description/text/div[149]/p/font,71,n,265,"[0.8641934915561372, 0.4953666666666666, 0.009261041666666667, 0.00037751994563712784]",1,273,0.8641934915561372,0.4953666666666666,0.009261041666666667,0.00037751994563712784,0.8641934915561372,1
/html/body/document/type/sequence/filename/description/text/p[973]/font[1]/b,Section 8.04,ssn,266,"[0.8679435230161326, 0.03888888888888889, 0.047314444444444444, 0.00037751994563712784]",1,274,0.8679435230161326,0.03888888888888889,0.047314444444444444,0.00037751994563712784,0.8679435230161326,1
/html/body/document/type/sequence/filename/description/text/p[973]/b,Frustration of Closing Conditions,sst,267,"[0.8679435230161326, 0.10240347222222224, 0.13347430555555556, 0.00037751994563712784]",1,275,0.8679435230161326,0.10240347222222224,0.13347430555555556,0.00037751994563712784,0.8679435230161326,1
/html/body/document/type/sequence/filename/description/text/p[975]/font/b,Article IX,sn,268,"[0.8695039387914328, 0.47160902777777775, 0.05445965277777777, 0.00037751994563712784]",1,276,0.8695039387914328,0.47160902777777775,0.05445965277777777,0.00037751994563712784,0.8695039387914328,1
/html/body/document/type/sequence/filename/description/text/p[976],TERMINATION,st,269,"[0.8698940427352578, 0.4661402777777778, 0.06771916666666668, 0.00037751994563712784]",1,277,0.8698940427352578,0.4661402777777778,0.06771916666666668,0.00037751994563712784,0.8698940427352578,1
/html/body/document/type/sequence/filename/description/text/p[978]/font[1]/b,Section 9.01,ssn,270,"[0.8706742506229079, 0.03888888888888889, 0.047314444444444444, 0.00037751994563712784]",1,278,0.8706742506229079,0.03888888888888889,0.047314444444444444,0.00037751994563712784,0.8706742506229079,1
/html/body/document/type/sequence/filename/description/text/p[978]/b,Termination,sst,271,"[0.8706742506229079, 0.10223541666666666, 0.04903430555555555, 0.00037751994563712784]",1,279,0.8706742506229079,0.10223541666666666,0.04903430555555555,0.00037751994563712784,0.8706742506229079,1
/html/body/document/type/sequence/filename/description/text/div[151]/p/font,72,n,272,"[0.8773186016661214, 0.4953666666666666, 0.009261041666666667, 0.00037751994563712784]",1,280,0.8773186016661214,0.4953666666666666,0.009261041666666667,0.00037751994563712784,0.8773186016661214,1
/html/body/document/type/sequence/filename/description/text/div[153]/p/font,73,n,273,"[0.8873228802255052, 0.4953666666666666, 0.009261041666666667, 0.00037751994563712784]",1,281,0.8873228802255052,0.4953666666666666,0.009261041666666667,0.00037751994563712784,0.8873228802255052,1
/html/body/document/type/sequence/filename/description/text/p[1002]/font[1]/b,Section 9.02,ssn,274,"[0.8902927037978506, 0.03888888888888889, 0.047314444444444444, 0.00037751994563712784]",1,282,0.8902927037978506,0.03888888888888889,0.047314444444444444,0.00037751994563712784,0.8902927037978506,1
/html/body/document/type/sequence/filename/description/text/p[1002]/b,Effect of Termination,sst,275,"[0.8902927037978506, 0.10240347222222224, 0.08484722222222223, 0.00037751994563712784]",1,283,0.8902927037978506,0.10240347222222224,0.08484722222222223,0.00037751994563712784,0.8902927037978506,1
/html/body/document/type/sequence/filename/description/text/p[1004]/font[1]/b,Section 9.03,ssn,276,"[0.8918531195731508, 0.03888888888888889, 0.047314444444444444, 0.00037751994563712784]",1,284,0.8918531195731508,0.03888888888888889,0.047314444444444444,0.00037751994563712784,0.8918531195731508,1
/html/body/document/type/sequence/filename/description/text/p[1004]/b,Expenses; Termination Fee,sst,277,"[0.8918531195731508, 0.10240347222222224, 0.10697152777777777, 0.00037751994563712784]",1,285,0.8918531195731508,0.10240347222222224,0.10697152777777777,0.00037751994563712784,0.8918531195731508,1
/html/body/document/type/sequence/filename/description/text/div[155]/p/font,74,n,278,"[0.8988875745601893, 0.4953666666666666, 0.009261041666666667, 0.00037751994563712784]",1,286,0.8988875745601893,0.4953666666666666,0.009261041666666667,0.00037751994563712784,0.8988875745601893,1
/html/body/document/type/sequence/filename/description/text/div[157]/p/font,75,n,279,"[0.9108423728386983, 0.4953666666666666, 0.009261041666666667, 0.00037751994563712784]",1,287,0.9108423728386983,0.4953666666666666,0.009261041666666667,0.00037751994563712784,0.9108423728386983,1
/html/body/document/type/sequence/filename/description/text/div[159]/p,77,n,280,"[0.9173357159036569, 0.4942111111111111, 0.011577708333333334, 0.00037751994563712784]",2,288,0.9173357159036569,0.4942111111111111,0.011577708333333334,0.00037751994563712784,0.9173357159036569,1
/html/body/document/type/sequence/filename/description/text/p[1032]/font/b,Article X,sn,281,"[0.9191352276445273, 0.47341041666666667, 0.05085722222222222, 0.00037751994563712784]",1,289,0.9191352276445273,0.47341041666666667,0.05085722222222222,0.00037751994563712784,0.9191352276445273,1
/html/body/document/type/sequence/filename/description/text/p[1032],MISCELLANEOUS,st,282,"[0.9195253315883523, 0.45935902777777776, 0.08127708333333333, 0.00037751994563712784]",1,290,0.9195253315883523,0.45935902777777776,0.08127708333333333,0.00037751994563712784,0.9195253315883523,1
/html/body/document/type/sequence/filename/description/text/p[1034]/font[1]/b,Section 10.01,ssn,283,"[0.9203055394760024, 0.03888888888888889, 0.05194229166666666, 0.00037751994563712784]",1,291,0.9203055394760024,0.03888888888888889,0.05194229166666666,0.00037751994563712784,0.9203055394760024,1
/html/body/document/type/sequence/filename/description/text/p[1034]/b,Notices,sst,284,"[0.9203055394760024, 0.09777569444444444, 0.028792291666666667, 0.00037751994563712784]",1,292,0.9203055394760024,0.09777569444444444,0.028792291666666667,0.00037751994563712784,0.9203055394760024,1
/html/body/document/type/sequence/filename/description/text/div[161]/p,78,n,285,"[0.9351420733395415, 0.4942111111111111, 0.009261041666666667, 0.00037751994563712784]",1,293,0.9351420733395415,0.4942111111111111,0.009261041666666667,0.00037751994563712784,0.9351420733395415,1
/html/body/document/type/sequence/filename/description/text/p[1072]/font[1]/b,Section 10.02,ssn,286,"[0.9369415850804117, 0.03888888888888889, 0.05194229166666666, 0.00037751994563712784]",1,294,0.9369415850804117,0.03888888888888889,0.05194229166666666,0.00037751994563712784,0.9369415850804117,1
/html/body/document/type/sequence/filename/description/text/p[1072]/b,Remedies Cumulative; Specific Performance,sst,287,"[0.9369415850804117, 0.09777569444444444, 0.17660555555555557, 0.00037751994563712784]",1,295,0.9369415850804117,0.09777569444444444,0.17660555555555557,0.00037751994563712784,0.9369415850804117,1
/html/body/document/type/sequence/filename/description/text/p[1074]/font[1]/b,Section 10.03,ssn,288,"[0.9416228324063122, 0.03888888888888889, 0.05194229166666666, 0.00037751994563712784]",1,296,0.9416228324063122,0.03888888888888889,0.05194229166666666,0.00037751994563712784,0.9416228324063122,1
/html/body/document/type/sequence/filename/description/text/p[1074]/b,No Survival of Representations and Warranties,sst,289,"[0.9416228324063122, 0.09777569444444444, 0.18712013888888887, 0.00037751994563712784]",1,297,0.9416228324063122,0.09777569444444444,0.18712013888888887,0.00037751994563712784,0.9416228324063122,1
/html/body/document/type/sequence/filename/description/text/p[1076]/font[1]/b,Section 10.04,ssn,290,"[0.9427931442377873, 0.03888888888888889, 0.05194229166666666, 0.00037751994563712784]",1,298,0.9427931442377873,0.03888888888888889,0.05194229166666666,0.00037751994563712784,0.9427931442377873,1
/html/body/document/type/sequence/filename/description/text/p[1076]/b,Amendments and Waivers,sst,291,"[0.9427931442377873, 0.09726041666666667, 0.1042375, 0.00037751994563712784]",1,299,0.9427931442377873,0.09726041666666667,0.1042375,0.00037751994563712784,0.9427931442377873,1
/html/body/document/type/sequence/filename/description/text/div[163]/p,79,n,292,"[0.9478770795057005, 0.4942111111111111, 0.009261041666666667, 0.00037751994563712784]",1,300,0.9478770795057005,0.4942111111111111,0.009261041666666667,0.00037751994563712784,0.9478770795057005,1
/html/body/document/type/sequence/filename/description/text/p[1084]/font[1]/b,Section 10.05,ssn,293,"[0.9496765912465709, 0.03888888888888889, 0.05194229166666666, 0.00037751994563712784]",1,301,0.9496765912465709,0.03888888888888889,0.05194229166666666,0.00037751994563712784,0.9496765912465709,1
/html/body/document/type/sequence/filename/description/text/p[1084]/b,Disclosure Letter References,sst,294,"[0.9496765912465709, 0.09777569444444444, 0.11310208333333333, 0.00037751994563712784]",1,302,0.9496765912465709,0.09777569444444444,0.11310208333333333,0.00037751994563712784,0.9496765912465709,1
/html/body/document/type/sequence/filename/description/text/p[1086]/font[1]/b,Section 10.06,ssn,295,"[0.9524073188533461, 0.03888888888888889, 0.05194229166666666, 0.00037751994563712784]",1,303,0.9524073188533461,0.03888888888888889,0.05194229166666666,0.00037751994563712784,0.9524073188533461,1
/html/body/document/type/sequence/filename/description/text/p[1086]/b,Binding Effect; Benefit; Assignment,sst,296,"[0.9524073188533461, 0.09777569444444444, 0.1421986111111111, 0.00037751994563712784]",1,304,0.9524073188533461,0.09777569444444444,0.1421986111111111,0.00037751994563712784,0.9524073188533461,1
/html/body/document/type/sequence/filename/description/text/p[1092]/font[1]/b,Section 10.07,ssn,297,"[0.9570885661792464, 0.03888888888888889, 0.05194229166666666, 0.00037751994563712784]",1,305,0.9570885661792464,0.03888888888888889,0.05194229166666666,0.00037751994563712784,0.9570885661792464,1
/html/body/document/type/sequence/filename/description/text/p[1092]/b,Governing Law,sst,298,"[0.9570885661792464, 0.09777569444444444, 0.06197375, 0.00037751994563712784]",1,306,0.9570885661792464,0.09777569444444444,0.06197375,0.00037751994563712784,0.9570885661792464,1
/html/body/document/type/sequence/filename/description/text/div[165]/p,80,n,299,"[0.9598318777842096, 0.4942111111111111, 0.009261041666666667, 0.00037751994563712784]",1,307,0.9598318777842096,0.4942111111111111,0.009261041666666667,0.00037751994563712784,0.9598318777842096,1
/html/body/document/type/sequence/filename/description/text/p[1096]/font[1]/b,Section 10.08,ssn,300,"[0.9616313895250799, 0.03888888888888889, 0.05194229166666666, 0.00037751994563712784]",1,308,0.9616313895250799,0.03888888888888889,0.05194229166666666,0.00037751994563712784,0.9616313895250799,1
/html/body/document/type/sequence/filename/description/text/p[1096]/b,Jurisdiction,sst,301,"[0.9616313895250799, 0.09777569444444444, 0.04731986111111112, 0.00037751994563712784]",1,309,0.9616313895250799,0.09777569444444444,0.04731986111111112,0.00037751994563712784,0.9616313895250799,1
/html/body/document/type/sequence/filename/description/text/p[1098]/font[1]/b,Section 10.09,ssn,302,"[0.9670928447386303, 0.03888888888888889, 0.05194229166666666, 0.00037751994563712784]",1,310,0.9670928447386303,0.03888888888888889,0.05194229166666666,0.00037751994563712784,0.9670928447386303,1
/html/body/document/type/sequence/filename/description/text/p[1098]/b,Waiver of Jury Trial,sst,303,"[0.9670928447386303, 0.09760763888888889, 0.08099513888888889, 0.00037751994563712784]",1,311,0.9670928447386303,0.09760763888888889,0.08099513888888889,0.00037751994563712784,0.9670928447386303,1
/html/body/document/type/sequence/filename/description/text/p[1100]/font[1]/b,Section 10.10,ssn,304,"[0.9698235723454056, 0.03888888888888889, 0.05194229166666666, 0.00037751994563712784]",1,312,0.9698235723454056,0.03888888888888889,0.05194229166666666,0.00037751994563712784,0.9698235723454056,1
/html/body/document/type/sequence/filename/description/text/p[1100]/b,Counterparts; Effectiveness,sst,305,"[0.9698235723454056, 0.09777569444444444, 0.11029166666666666, 0.00037751994563712784]",1,313,0.9698235723454056,0.09777569444444444,0.11029166666666666,0.00037751994563712784,0.9698235723454056,1
/html/body/document/type/sequence/filename/description/text/div[167]/p,81,n,306,"[0.9721767800065437, 0.4942111111111111, 0.009261041666666667, 0.00037751994563712784]",1,314,0.9721767800065437,0.4942111111111111,0.009261041666666667,0.00037751994563712784,0.9721767800065437,1
/html/body/document/type/sequence/filename/description/text/p[1104]/font[1]/b,Section 10.11,ssn,307,"[0.973976291747414, 0.03888888888888889, 0.051432291666666664, 0.00037751994563712784]",1,315,0.973976291747414,0.03888888888888889,0.051432291666666664,0.00037751994563712784,0.973976291747414,1
/html/body/document/type/sequence/filename/description/text/p[1104]/b,Entire Agreement,sst,308,"[0.973976291747414, 0.09726041666666667, 0.07035555555555556, 0.00037751994563712784]",1,316,0.973976291747414,0.09726041666666667,0.07035555555555556,0.00037751994563712784,0.973976291747414,1
/html/body/document/type/sequence/filename/description/text/p[1106]/font[1]/b,Section 10.12,ssn,309,"[0.9755367075227142, 0.03888888888888889, 0.05194229166666666, 0.00037751994563712784]",1,317,0.9755367075227142,0.03888888888888889,0.05194229166666666,0.00037751994563712784,0.9755367075227142,1
/html/body/document/type/sequence/filename/description/text/p[1106]/b,Severability,sst,310,"[0.9755367075227142, 0.09777569444444444, 0.047309027777777776, 0.00037751994563712784]",1,318,0.9755367075227142,0.09777569444444444,0.047309027777777776,0.00037751994563712784,0.9755367075227142,1
/html/body/document/type/sequence/filename/description/text/p[1108]/font[1]/b,Section 10.13,ssn,311,"[0.9774872272418392, 0.03888888888888889, 0.05194229166666666, 0.00037751994563712784]",1,319,0.9774872272418392,0.03888888888888889,0.05194229166666666,0.00037751994563712784,0.9774872272418392,1
/html/body/document/type/sequence/filename/description/text/p[1108]/b,Non-Recourse,sst,312,"[0.9774872272418392, 0.09777569444444444, 0.05604381944444445, 0.00037751994563712784]",1,320,0.9774872272418392,0.09777569444444444,0.05604381944444445,0.00037751994563712784,0.9774872272418392,1
/html/body/document/type/sequence/filename/description/text/div[169]/p,82,n,313,"[0.9821810585659275, 0.4942111111111111, 0.009261041666666667, 0.00037751994563712784]",1,321,0.9821810585659275,0.4942111111111111,0.009261041666666667,0.00037751994563712784,0.9821810585659275,1
