,highlighted_xpaths,highlighted_segmented_text,highlighted_labels,segment_number_from_idx,highlighted_coordinates,num_entries_1,exploded_highlight_node_order,top,left,width,height,top_via_line_group,size
0,/html/body/document/type/sequence/filename/description/text/center[1]/div/p[2]/b,AGREEMENT AND PLAN OF MERGER,t,0,"[0.0013777703874385348, 0.21666666666666667, 0.5666666666666667, 0.006342494714587738]",11,0,0.0013777703874385348,0.21666666666666667,0.5666666666666667,0.006342494714587738,0.0013777703874385348,11
1,/html/body/document/type/sequence/filename/description/text/center[1]/div/p[3],among:,t,0,"[0.0013777703874385348, 0.21666666666666667, 0.5666666666666667, 0.006342494714587738]",11,1,0.0013777703874385348,0.21666666666666667,0.5666666666666667,0.006342494714587738,0.0013777703874385348,11
2,/html/body/document/type/sequence/filename/description/text/center[1]/div/p[4]/b,"NOVO NORDISK A/S,",t,0,"[0.0013777703874385348, 0.21666666666666667, 0.5666666666666667, 0.006342494714587738]",11,2,0.0013777703874385348,0.21666666666666667,0.5666666666666667,0.006342494714587738,0.0013777703874385348,11
3,/html/body/document/type/sequence/filename/description/text/center[1]/div/p[5],a Danish,t,0,"[0.0013777703874385348, 0.21666666666666667, 0.5666666666666667, 0.006342494714587738]",11,3,0.0013777703874385348,0.21666666666666667,0.5666666666666667,0.006342494714587738,0.0013777703874385348,11
4,/html/body/document/type/sequence/filename/description/text/center[1]/div/p[5]/i,aktieselskab,t,0,"[0.0013777703874385348, 0.21666666666666667, 0.5666666666666667, 0.006342494714587738]",11,4,0.0013777703874385348,0.21666666666666667,0.5666666666666667,0.006342494714587738,0.0013777703874385348,11
5,/html/body/document/type/sequence/filename/description/text/center[1]/div/p[5],;,t,0,"[0.0013777703874385348, 0.21666666666666667, 0.5666666666666667, 0.006342494714587738]",11,5,0.0013777703874385348,0.21666666666666667,0.5666666666666667,0.006342494714587738,0.0013777703874385348,11
6,/html/body/document/type/sequence/filename/description/text/center[1]/div/p[6]/b,"NNUS NEW RESEARCH, INC.,",t,0,"[0.0013777703874385348, 0.21666666666666667, 0.5666666666666667, 0.006342494714587738]",11,6,0.0013777703874385348,0.21666666666666667,0.5666666666666667,0.006342494714587738,0.0013777703874385348,11
7,/html/body/document/type/sequence/filename/description/text/center[1]/div/p[7],a Delaware corporation; and,t,0,"[0.0013777703874385348, 0.21666666666666667, 0.5666666666666667, 0.006342494714587738]",11,7,0.0013777703874385348,0.21666666666666667,0.5666666666666667,0.006342494714587738,0.0013777703874385348,11
8,/html/body/document/type/sequence/filename/description/text/center[1]/div/p[8]/b,"DICERNA PHARMACEUTICALS, INC.,",t,0,"[0.0013777703874385348, 0.21666666666666667, 0.5666666666666667, 0.006342494714587738]",11,8,0.0013777703874385348,0.21666666666666667,0.5666666666666667,0.006342494714587738,0.0013777703874385348,11
9,/html/body/document/type/sequence/filename/description/text/center[1]/div/p[9],a Delaware corporation,t,0,"[0.0013777703874385348, 0.21666666666666667, 0.5666666666666667, 0.006342494714587738]",11,9,0.0013777703874385348,0.21666666666666667,0.5666666666666667,0.006342494714587738,0.0013777703874385348,11
10,/html/body/document/type/sequence/filename/description/text/center[1]/div/p[10],"Dated as
of November 17, 2021",t,0,"[0.0013777703874385348, 0.21666666666666667, 0.5666666666666667, 0.006342494714587738]",11,10,0.0013777703874385348,0.21666666666666667,0.5666666666666667,0.006342494714587738,0.0013777703874385348,11
11,/html/body/document/type/sequence/filename/description/text/center[2]/div/p[1]/b,Table of Contents,st,1,"[0.008812979547236146, 0.4651909722222222, 0.06961250000000001, 0.00035631992778582794]",1,11,0.008812979547236146,0.4651909722222222,0.06961250000000001,0.00035631992778582794,0.008812979547236146,1
12,/html/body/document/type/sequence/filename/description/text/center[2]/div/p[4],i,n,2,"[0.023576501888495617, 0.49870902777777776, 0.0025770416666666667, 0.00035631992778582794]",1,12,0.023576501888495617,0.49870902777777776,0.0025770416666666667,0.00035631992778582794,0.023576501888495617,1
13,/html/body/document/type/sequence/filename/description/text/center[3]/div/p[2],ii,n,3,"[0.040204765185167586, 0.49742291666666666, 0.005148652777777778, 0.00035631992778582794]",1,13,0.040204765185167586,0.49742291666666666,0.005148652777777778,0.00035631992778582794,0.040204765185167586,1
14,/html/body/document/type/sequence/filename/description/text/center[4]/div/p[3],iii,n,4,"[0.05545525809440103, 0.4961375, 0.007720277777777778, 0.00035631992778582794]",1,14,0.05545525809440103,0.4961375,0.007720277777777778,0.00035631992778582794,0.05545525809440103,1
15,/html/body/document/type/sequence/filename/description/text/center[5]/div/p[1]/b,AGREEMENT AND PLAN OF MERGER,st,5,"[0.05646483122312754, 0.4156520833333333, 0.16869583333333332, 0.00035631992778582794]",1,15,0.05646483122312754,0.4156520833333333,0.16869583333333332,0.00035631992778582794,0.05646483122312754,1
16,/html/body/document/type/sequence/filename/description/text/center[5]/div/p[3]/b,RECITALS,st,6,"[0.0594460412856023, 0.47667638888888886, 0.04664715277777777, 0.00035631992778582794]",1,16,0.0594460412856023,0.47667638888888886,0.04664715277777777,0.00035631992778582794,0.0594460412856023,1
17,/html/body/document/type/sequence/filename/description/text/center[5]/div/p[10],1,n,7,"[0.06823526617098606, 0.4976833333333333, 0.00463325, 0.00035631992778582794]",1,17,0.06823526617098606,0.4976833333333333,0.00463325,0.00035631992778582794,0.06823526617098606,1
18,/html/body/document/type/sequence/filename/description/text/center[6]/div/p[1]/b,AGREEMENT,st,8,"[0.06924483929971256, 0.46965069444444446, 0.06069333333333333, 0.00035631992778582794]",1,18,0.06924483929971256,0.46965069444444446,0.06069333333333333,0.00035631992778582794,0.06924483929971256,1
19,/html/body/document/type/sequence/filename/description/text/center[6]/div/p[3]/b,SECTION 1,sn,9,"[0.07112145758605126, 0.4756888888888889, 0.04861652777777778, 0.00035631992778582794]",1,19,0.07112145758605126,0.4756888888888889,0.04861652777777778,0.00035631992778582794,0.07112145758605126,1
20,/html/body/document/type/sequence/filename/description/text/center[6]/div/p[4]/b/u,"THE
OFFER",st,10,"[0.07186972943440151, 0.4733833333333334, 0.053233472222222224, 0.00035631992778582794]",1,20,0.07186972943440151,0.4733833333333334,0.053233472222222224,0.00035631992778582794,0.07186972943440151,1
21,/html/body/document/type/sequence/filename/description/text/center[6]/div/p[5]/b[1],1.1,ssn,11,"[0.07261800128275174, 0.2393284722222222, 0.011572291666666668, 0.00035631992778582794]",1,21,0.07261800128275174,0.2393284722222222,0.011572291666666668,0.00035631992778582794,0.07261800128275174,1
22,/html/body/document/type/sequence/filename/description/text/center[6]/div/p[5]/b[1],The Offer,sst,12,"[0.07261800128275174, 0.25304375, 0.03933375, 0.00035631992778582794]",1,22,0.07261800128275174,0.25304375,0.03933375,0.00035631992778582794,0.07261800128275174,1
23,/html/body/document/type/sequence/filename/description/text/center[6]/div/p[6],(a),sssn,13,"[0.07317623583628287, 0.26766527777777777, 0.010275625, 0.00035631992778582794]",1,23,0.07317623583628287,0.26766527777777777,0.010275625,0.00035631992778582794,0.07317623583628287,1
24,/html/body/document/type/sequence/filename/description/text/center[6]/div/p[6]/b,Commencement of the Offer,ssst,14,"[0.07317623583628287, 0.28025694444444443, 0.11284166666666666, 0.00035631992778582794]",1,24,0.07317623583628287,0.28025694444444443,0.11284166666666666,0.00035631992778582794,0.07317623583628287,1
25,/html/body/document/type/sequence/filename/description/text/center[6]/div/p[7],(b),sssn,15,"[0.0755754566833741, 0.26766527777777777, 0.010796458333333333, 0.00035631992778582794]",1,25,0.0755754566833741,0.26766527777777777,0.010796458333333333,0.00035631992778582794,0.0755754566833741,1
26,/html/body/document/type/sequence/filename/description/text/center[6]/div/p[7]/b,Terms and Conditions of the Offer,ssst,16,"[0.0755754566833741, 0.2807777777777778, 0.13620347222222223, 0.00035631992778582794]",1,26,0.0755754566833741,0.2807777777777778,0.13620347222222223,0.00035631992778582794,0.0755754566833741,1
27,/html/body/document/type/sequence/filename/description/text/center[6]/div/p[9],2,n,17,"[0.08101527424757109, 0.4976833333333333, 0.00463325, 0.00035631992778582794]",1,27,0.08101527424757109,0.4976833333333333,0.00463325,0.00035631992778582794,0.08101527424757109,1
28,/html/body/document/type/sequence/filename/description/text/center[7]/div/p[1],(c),sssn,18,"[0.0820248473762976, 0.26766527777777777, 0.010275625, 0.00035631992778582794]",1,28,0.0820248473762976,0.26766527777777777,0.010275625,0.00035631992778582794,0.0820248473762976,1
29,/html/body/document/type/sequence/filename/description/text/center[7]/div/p[1]/b,Expiration and Extension of the Offer,ssst,19,"[0.0820248473762976, 0.28025694444444443, 0.14991875000000002, 0.00035631992778582794]",1,29,0.0820248473762976,0.28025694444444443,0.14991875000000002,0.00035631992778582794,0.0820248473762976,1
30,/html/body/document/type/sequence/filename/description/text/center[7]/div/p[2],(d),sssn,20,"[0.08884243532793311, 0.26766527777777777, 0.010796458333333333, 0.00035631992778582794]",1,30,0.08884243532793311,0.26766527777777777,0.010796458333333333,0.00035631992778582794,0.08884243532793311,1
31,/html/body/document/type/sequence/filename/description/text/center[7]/div/p[2]/b,Termination of Offer,ssst,21,"[0.08884243532793311, 0.2807777777777778, 0.08295902777777778, 0.00035631992778582794]",1,31,0.08884243532793311,0.2807777777777778,0.08295902777777778,0.00035631992778582794,0.08884243532793311,1
32,/html/body/document/type/sequence/filename/description/text/center[7]/div/p[3],(e),sssn,22,"[0.09124165617502435, 0.26766527777777777, 0.010275625, 0.00035631992778582794]",1,32,0.09124165617502435,0.26766527777777777,0.010275625,0.00035631992778582794,0.09124165617502435,1
33,/html/body/document/type/sequence/filename/description/text/center[7]/div/p[3]/b,Offer Documents,ssst,23,"[0.09124165617502435, 0.28025694444444443, 0.06795791666666666, 0.00035631992778582794]",1,33,0.09124165617502435,0.28025694444444443,0.06795791666666666,0.00035631992778582794,0.09124165617502435,1
34,/html/body/document/type/sequence/filename/description/text/center[7]/div/p[5],3,n,24,"[0.09336769841081312, 0.4976833333333333, 0.00463325, 0.00035631992778582794]",1,34,0.09336769841081312,0.4976833333333333,0.00463325,0.00035631992778582794,0.09336769841081312,1
35,/html/body/document/type/sequence/filename/description/text/center[8]/div/p[2],(f),sssn,25,"[0.1004584649737511, 0.26766527777777777, 0.009250208333333333, 0.00035631992778582794]",1,35,0.1004584649737511,0.26766527777777777,0.009250208333333333,0.00035631992778582794,0.1004584649737511,1
36,/html/body/document/type/sequence/filename/description/text/center[8]/div/p[2]/b,Funds,ssst,26,"[0.1004584649737511, 0.27923194444444444, 0.02470701388888889, 0.00035631992778582794]",1,36,0.1004584649737511,0.27923194444444444,0.02470701388888889,0.00035631992778582794,0.1004584649737511,1
37,/html/body/document/type/sequence/filename/description/text/center[8]/div/p[3],(g),sssn,27,"[0.1021212913034183, 0.26766527777777777, 0.010796458333333333, 0.00035631992778582794]",1,37,0.1021212913034183,0.26766527777777777,0.010796458333333333,0.00035631992778582794,0.1021212913034183,1
38,/html/body/document/type/sequence/filename/description/text/center[8]/div/p[3]/b,Adjustments,ssst,28,"[0.1021212913034183, 0.2807777777777778, 0.050406875, 0.00035631992778582794]",1,38,0.1021212913034183,0.2807777777777778,0.050406875,0.00035631992778582794,0.1021212913034183,1
39,/html/body/document/type/sequence/filename/description/text/center[8]/div/p[4],(h),sssn,29,"[0.10341592037437347, 0.26766527777777777, 0.010796458333333333, 0.00035631992778582794]",1,39,0.10341592037437347,0.26766527777777777,0.010796458333333333,0.00035631992778582794,0.10341592037437347,1
40,/html/body/document/type/sequence/filename/description/text/center[8]/div/p[4]/b[1],A,ssst,30,"[0.10341592037437347, 0.2807777777777778, 0.04524194444444444, 0.00035631992778582794]",2,40,0.10341592037437347,0.2807777777777778,0.04524194444444444,0.00035631992778582794,0.10341592037437347,2
41,/html/body/document/type/sequence/filename/description/text/center[8]/div/p[4]/b[2],cceptance,ssst,30,"[0.10341592037437347, 0.2807777777777778, 0.04524194444444444, 0.00035631992778582794]",2,41,0.10341592037437347,0.2807777777777778,0.04524194444444444,0.00035631992778582794,0.10341592037437347,2
42,/html/body/document/type/sequence/filename/description/text/center[8]/div/p[6],4,n,31,"[0.1048055680927382, 0.4976833333333333, 0.00463325, 0.00035631992778582794]",1,42,0.1048055680927382,0.4976833333333333,0.00463325,0.00035631992778582794,0.1048055680927382,1
43,/html/body/document/type/sequence/filename/description/text/center[9]/div/p[1],(i),sssn,32,"[0.10581514122146471, 0.26766527777777777, 0.008740208333333334, 0.00035631992778582794]",1,43,0.10581514122146471,0.26766527777777777,0.008740208333333334,0.00035631992778582794,0.10581514122146471,1
44,/html/body/document/type/sequence/filename/description/text/center[9]/div/p[1]/b,Transfer Taxes,ssst,33,"[0.10581514122146471, 0.27871666666666667, 0.05855034722222222, 0.00035631992778582794]",1,44,0.10581514122146471,0.27871666666666667,0.05855034722222222,0.00035631992778582794,0.10581514122146471,1
45,/html/body/document/type/sequence/filename/description/text/center[9]/div/p[2]/b[1],1.2,ssn,34,"[0.10803620210466304, 0.2393284722222222, 0.011572291666666668, 0.00035631992778582794]",1,45,0.10803620210466304,0.2393284722222222,0.011572291666666668,0.00035631992778582794,0.10803620210466304,1
46,/html/body/document/type/sequence/filename/description/text/center[9]/div/p[2]/b[1],Company Actions,sst,35,"[0.10803620210466304, 0.25321180555555556, 0.07021458333333333, 0.00035631992778582794]",1,46,0.10803620210466304,0.25321180555555556,0.07021458333333333,0.00035631992778582794,0.10803620210466304,1
47,/html/body/document/type/sequence/filename/description/text/center[9]/div/p[3],(a),sssn,37,"[0.10859443665819417, 0.26766527777777777, 0.010275625, 0.00035631992778582794]",1,47,0.10859443665819417,0.26766527777777777,0.010275625,0.00035631992778582794,0.10859443665819417,1
48,/html/body/document/type/sequence/filename/description/text/center[9]/div/p[3]/b,Schedule,ssst,38,"[0.10859443665819417, 0.28025694444444443, 0.061463750000000004, 0.00035631992778582794]",2,48,0.10859443665819417,0.28025694444444443,0.061463750000000004,0.00035631992778582794,0.10859443665819417,2
49,/html/body/document/type/sequence/filename/description/text/center[9]/div/p[3]/b/font,14D-9,ssst,38,"[0.10859443665819417, 0.28025694444444443, 0.061463750000000004, 0.00035631992778582794]",2,49,0.10859443665819417,0.28025694444444443,0.061463750000000004,0.00035631992778582794,0.10859443665819417,2
50,/html/body/document/type/sequence/filename/description/text/center[9]/div/p[5],5,n,39,"[0.11624343777466328, 0.4976833333333333, 0.00463325, 0.00035631992778582794]",1,50,0.11624343777466328,0.4976833333333333,0.00463325,0.00035631992778582794,0.11624343777466328,1
51,/html/body/document/type/sequence/filename/description/text/center[10]/div/p[1],(b),sssn,40,"[0.11725301090338978, 0.26766527777777777, 0.010796458333333333, 0.00035631992778582794]",1,51,0.11725301090338978,0.26766527777777777,0.010796458333333333,0.00035631992778582794,0.11725301090338978,1
52,/html/body/document/type/sequence/filename/description/text/center[10]/div/p[1]/b,Stockholder Lists,ssst,41,"[0.11725301090338978, 0.2807777777777778, 0.06901583333333333, 0.00035631992778582794]",1,52,0.11725301090338978,0.2807777777777778,0.06901583333333333,0.00035631992778582794,0.11725301090338978,1
53,/html/body/document/type/sequence/filename/description/text/center[10]/div/p[2],(c),sssn,42,"[0.12186141530275317, 0.26766527777777777, 0.010275625, 0.00035631992778582794]",1,53,0.12186141530275317,0.26766527777777777,0.010275625,0.00035631992778582794,0.12186141530275317,1
54,/html/body/document/type/sequence/filename/description/text/center[10]/div/p[2]/b,Share Registry,ssst,43,"[0.12186141530275317, 0.28025694444444443, 0.05870770833333334, 0.00035631992778582794]",1,54,0.12186141530275317,0.28025694444444443,0.05870770833333334,0.00035631992778582794,0.12186141530275317,1
55,/html/body/document/type/sequence/filename/description/text/center[10]/div/p[3]/b,SECTION 2,sn,44,"[0.12335795899945365, 0.4756888888888889, 0.04861652777777778, 0.00035631992778582794]",1,55,0.12335795899945365,0.4756888888888889,0.04861652777777778,0.00035631992778582794,0.12335795899945365,1
56,/html/body/document/type/sequence/filename/description/text/center[10]/div/p[4]/b/u,MERGER TRANSACTION,st,45,"[0.12410623084780388, 0.4438909722222222, 0.11221805555555556, 0.00035631992778582794]",1,56,0.12410623084780388,0.4438909722222222,0.11221805555555556,0.00035631992778582794,0.12410623084780388,1
57,/html/body/document/type/sequence/filename/description/text/center[10]/div/p[5]/b,2.1,ssn,46,"[0.12485450269615413, 0.2393284722222222, 0.011572291666666668, 0.00035631992778582794]",1,57,0.12485450269615413,0.2393284722222222,0.011572291666666668,0.00035631992778582794,0.12485450269615413,1
58,/html/body/document/type/sequence/filename/description/text/center[10]/div/p[5]/b,Merger of Purchaser into the Company,sst,47,"[0.12485450269615413, 0.25321180555555556, 0.15555, 0.00035631992778582794]",1,58,0.12485450269615413,0.25321180555555556,0.15555,0.00035631992778582794,0.12485450269615413,1
59,/html/body/document/type/sequence/filename/description/text/center[10]/div/p[6]/b,2.2,ssn,48,"[0.1261491317671093, 0.2393284722222222, 0.011572291666666668, 0.00035631992778582794]",1,59,0.1261491317671093,0.2393284722222222,0.011572291666666668,0.00035631992778582794,0.1261491317671093,1
60,/html/body/document/type/sequence/filename/description/text/center[10]/div/p[6]/b,Effect of the Merger,sst,49,"[0.1261491317671093, 0.25321180555555556, 0.08043611111111111, 0.00035631992778582794]",1,60,0.1261491317671093,0.25321180555555556,0.08043611111111111,0.00035631992778582794,0.1261491317671093,1
61,/html/body/document/type/sequence/filename/description/text/center[10]/div/p[7]/b[1],2.3,ssn,50,"[0.12781195809677648, 0.2393284722222222, 0.011572291666666668, 0.00035631992778582794]",1,61,0.12781195809677648,0.2393284722222222,0.011572291666666668,0.00035631992778582794,0.12781195809677648,1
62,/html/body/document/type/sequence/filename/description/text/center[10]/div/p[7]/b[1],Closing; Effective Time,sst,51,"[0.12781195809677648, 0.25321180555555556, 0.09272986111111112, 0.00035631992778582794]",1,62,0.12781195809677648,0.25321180555555556,0.09272986111111112,0.00035631992778582794,0.12781195809677648,1
63,/html/body/document/type/sequence/filename/description/text/center[10]/div/p[10],6,n,52,"[0.13012803762738437, 0.4976833333333333, 0.00463325, 0.00035631992778582794]",1,63,0.13012803762738437,0.4976833333333333,0.00463325,0.00035631992778582794,0.13012803762738437,1
64,/html/body/document/type/sequence/filename/description/text/center[11]/div/p[3]/b,2.4,ssn,53,"[0.13502149796897642, 0.2393284722222222, 0.011572291666666668, 0.00035631992778582794]",1,64,0.13502149796897642,0.2393284722222222,0.011572291666666668,0.00035631992778582794,0.13502149796897642,1
65,/html/body/document/type/sequence/filename/description/text/center[11]/div/p[3]/b,Certificate of Incorporation and Bylaws; Directors and Officers,sst,54,"[0.13502149796897642, 0.25321180555555556, 0.25152430555555555, 0.00035631992778582794]",1,65,0.13502149796897642,0.25321180555555556,0.25152430555555555,0.00035631992778582794,0.13502149796897642,1
66,/html/body/document/type/sequence/filename/description/text/center[11]/div/p[7]/b[1],2.5,ssn,55,"[0.14039005154761622, 0.2393284722222222, 0.011572291666666668, 0.00035631992778582794]",1,66,0.14039005154761622,0.2393284722222222,0.011572291666666668,0.00035631992778582794,0.14039005154761622,1
67,/html/body/document/type/sequence/filename/description/text/center[11]/div/p[7]/b[1],Conversion of Shares,sst,56,"[0.14039005154761622, 0.25321180555555556, 0.0841798611111111, 0.00035631992778582794]",1,67,0.14039005154761622,0.25321180555555556,0.0841798611111111,0.00035631992778582794,0.14039005154761622,1
68,/html/body/document/type/sequence/filename/description/text/center[11]/div/p[11],7,n,57,"[0.1428961683730432, 0.4976833333333333, 0.00463325, 0.00035631992778582794]",1,68,0.1428961683730432,0.4976833333333333,0.00463325,0.00035631992778582794,0.1428961683730432,1
69,/html/body/document/type/sequence/filename/description/text/center[12]/div/p[6]/b,2.6,ssn,58,"[0.15112715870489585, 0.2393284722222222, 0.011572291666666668, 0.00035631992778582794]",1,69,0.15112715870489585,0.2393284722222222,0.011572291666666668,0.00035631992778582794,0.15112715870489585,1
70,/html/body/document/type/sequence/filename/description/text/center[12]/div/p[6]/b,Surrender of Certificates; Stock Transfer Books,sst,59,"[0.15112715870489585, 0.25321180555555556, 0.1891548611111111, 0.00035631992778582794]",1,70,0.15112715870489585,0.25321180555555556,0.1891548611111111,0.00035631992778582794,0.15112715870489585,1
71,/html/body/document/type/sequence/filename/description/text/center[12]/div/p[9],8,n,60,"[0.15712521082262393, 0.4976833333333333, 0.00463325, 0.00035631992778582794]",1,71,0.15712521082262393,0.4976833333333333,0.00463325,0.00035631992778582794,0.15712521082262393,1
72,/html/body/document/type/sequence/filename/description/text/center[13]/div/p[4],9,n,61,"[0.1681830059149108, 0.4976833333333333, 0.00463325, 0.00035631992778582794]",1,72,0.1681830059149108,0.4976833333333333,0.00463325,0.00035631992778582794,0.1681830059149108,1
73,/html/body/document/type/sequence/filename/description/text/center[14]/div/p[6],10,n,62,"[0.1799890728555479, 0.4953666666666666, 0.009261041666666667, 0.00035631992778582794]",1,73,0.1799890728555479,0.4953666666666666,0.009261041666666667,0.00035631992778582794,0.1799890728555479,1
74,/html/body/document/type/sequence/filename/description/text/center[15]/div/p[1]/b[1],2.7,ssn,63,"[0.18099864598427443, 0.2393284722222222, 0.011572291666666668, 0.00035631992778582794]",1,74,0.18099864598427443,0.2393284722222222,0.011572291666666668,0.00035631992778582794,0.18099864598427443,1
75,/html/body/document/type/sequence/filename/description/text/center[15]/div/p[1]/b[1],2.7 Dissenters,sst,64,"[0.18099864598427443, 0.25321180555555556, 0.07106111111111112, 0.00035631992778582794]",3,75,0.18099864598427443,0.25321180555555556,0.07106111111111112,0.00035631992778582794,0.18099864598427443,3
76,/html/body/document/type/sequence/filename/description/text/center[15]/div/p[1]/b[2],’,sst,64,"[0.18099864598427443, 0.25321180555555556, 0.07106111111111112, 0.00035631992778582794]",3,76,0.18099864598427443,0.25321180555555556,0.07106111111111112,0.00035631992778582794,0.18099864598427443,3
77,/html/body/document/type/sequence/filename/description/text/center[15]/div/p[1]/b[3],Rights,sst,64,"[0.18099864598427443, 0.25321180555555556, 0.07106111111111112, 0.00035631992778582794]",3,77,0.18099864598427443,0.25321180555555556,0.07106111111111112,0.00035631992778582794,0.18099864598427443,3
78,/html/body/document/type/sequence/filename/description/text/center[15]/div/p[2]/b,2.8,ssn,65,"[0.1861652849371689, 0.2393284722222222, 0.011572291666666668, 0.00035631992778582794]",1,78,0.1861652849371689,0.2393284722222222,0.011572291666666668,0.00035631992778582794,0.1861652849371689,1
79,/html/body/document/type/sequence/filename/description/text/center[15]/div/p[2]/b,Treatment of Company Options and Company RSUs,sst,66,"[0.1861652849371689, 0.25304375, 0.20848541666666667, 0.00035631992778582794]",1,79,0.1861652849371689,0.25304375,0.20848541666666667,0.00035631992778582794,0.1861652849371689,1
80,/html/body/document/type/sequence/filename/description/text/center[15]/div/p[7],11,n,67,"[0.1918070171271112, 0.49554027777777776, 0.008913819444444445, 0.00035631992778582794]",1,80,0.1918070171271112,0.49554027777777776,0.008913819444444445,0.00035631992778582794,0.1918070171271112,1
81,/html/body/document/type/sequence/filename/description/text/center[16]/div/p[3]/b,2.9,ssn,68,"[0.19540584839774805, 0.2393284722222222, 0.011572291666666668, 0.00035631992778582794]",1,81,0.19540584839774805,0.2393284722222222,0.011572291666666668,0.00035631992778582794,0.19540584839774805,1
82,/html/body/document/type/sequence/filename/description/text/center[16]/div/p[3]/b,Further Action,sst,69,"[0.19540584839774805, 0.25321180555555556, 0.05922305555555556, 0.00035631992778582794]",1,82,0.19540584839774805,0.25321180555555556,0.05922305555555556,0.00035631992778582794,0.19540584839774805,1
83,/html/body/document/type/sequence/filename/description/text/center[16]/div/p[4]/b,SECTION 3,sn,70,"[0.1983751811292966, 0.4756888888888889, 0.04861652777777778, 0.00035631992778582794]",1,83,0.1983751811292966,0.4756888888888889,0.04861652777777778,0.00035631992778582794,0.1983751811292966,1
84,/html/body/document/type/sequence/filename/description/text/center[16]/div/p[5]/b/u,REPRESENTATIONS AND WARRANTIES OF THE COMPANY,st,71,"[0.19912345297764686, 0.36853819444444447, 0.2629229166666667, 0.00035631992778582794]",1,84,0.19912345297764686,0.36853819444444447,0.2629229166666667,0.00035631992778582794,0.19912345297764686,1
85,/html/body/document/type/sequence/filename/description/text/center[16]/div/p[7]/b[1],3.1,ssn,72,"[0.20282918022661947, 0.2393284722222222, 0.011572291666666668, 0.00035631992778582794]",1,85,0.20282918022661947,0.2393284722222222,0.011572291666666668,0.00035631992778582794,0.20282918022661947,1
86,/html/body/document/type/sequence/filename/description/text/center[16]/div/p[7]/b[1],"Due Organization; Subsidiaries, Etc",sst,73,"[0.20282918022661947, 0.25321180555555556, 0.1424638888888889, 0.00035631992778582794]",1,86,0.20282918022661947,0.25321180555555556,0.1424638888888889,0.00035631992778582794,0.20282918022661947,1
87,/html/body/document/type/sequence/filename/description/text/center[16]/div/p[10],12,n,74,"[0.20624985153336342, 0.4953666666666666, 0.009261041666666667, 0.00035631992778582794]",1,87,0.20624985153336342,0.4953666666666666,0.009261041666666667,0.00035631992778582794,0.20624985153336342,1
88,/html/body/document/type/sequence/filename/description/text/center[17]/div/p[2]/b,3.2,ssn,75,"[0.20965864550918117, 0.2393284722222222, 0.011572291666666668, 0.00035631992778582794]",1,88,0.20965864550918117,0.2393284722222222,0.011572291666666668,0.00035631992778582794,0.20965864550918117,1
89,/html/body/document/type/sequence/filename/description/text/center[17]/div/p[2]/b,Certificate of Incorporation and Bylaws,sst,76,"[0.20965864550918117, 0.25321180555555556, 0.15787222222222222, 0.00035631992778582794]",1,89,0.20965864550918117,0.25321180555555556,0.15787222222222222,0.00035631992778582794,0.20965864550918117,1
90,/html/body/document/type/sequence/filename/description/text/center[17]/div/p[3]/b[1],3.3,ssn,77,"[0.21077511461624343, 0.2393284722222222, 0.011572291666666668, 0.00035631992778582794]",1,90,0.21077511461624343,0.2393284722222222,0.011572291666666668,0.00035631992778582794,0.21077511461624343,1
91,/html/body/document/type/sequence/filename/description/text/center[17]/div/p[3]/b[1],"Capitalization, Etc",sst,78,"[0.21077511461624343, 0.25321180555555556, 0.07405625, 0.00035631992778582794]",1,91,0.21077511461624343,0.25321180555555556,0.07405625,0.00035631992778582794,0.21077511461624343,1
92,/html/body/document/type/sequence/filename/description/text/center[17]/div/p[8],13,n,79,"[0.21752143858232179, 0.4953666666666666, 0.009261041666666667, 0.00035631992778582794]",1,92,0.21752143858232179,0.4953666666666666,0.009261041666666667,0.00035631992778582794,0.21752143858232179,1
93,/html/body/document/type/sequence/filename/description/text/center[18]/div/p[5]/b[1],3.4,ssn,80,"[0.2273915005819892, 0.2393284722222222, 0.011572291666666668, 0.00035631992778582794]",1,93,0.2273915005819892,0.2393284722222222,0.011572291666666668,0.00035631992778582794,0.2273915005819892,1
94,/html/body/document/type/sequence/filename/description/text/center[18]/div/p[5]/b[1],SEC Filings; Financial Statements,sst,81,"[0.2273915005819892, 0.25321180555555556, 0.135525, 0.00035631992778582794]",1,94,0.2273915005819892,0.25321180555555556,0.135525,0.00035631992778582794,0.2273915005819892,1
95,/html/body/document/type/sequence/filename/description/text/center[18]/div/p[8],14,n,82,"[0.23044397463002114, 0.4953666666666666, 0.009261041666666667, 0.00035631992778582794]",1,95,0.23044397463002114,0.4953666666666666,0.009261041666666667,0.00035631992778582794,0.23044397463002114,1
96,/html/body/document/type/sequence/filename/description/text/center[19]/div/p[5],15,n,83,"[0.24242820153455116, 0.4953666666666666, 0.009261041666666667, 0.00035631992778582794]",1,96,0.24242820153455116,0.4953666666666666,0.009261041666666667,0.00035631992778582794,0.24242820153455116,1
97,/html/body/document/type/sequence/filename/description/text/center[20]/div/p[7],16,n,84,"[0.25368791125258333, 0.4953666666666666, 0.009261041666666667, 0.00035631992778582794]",1,97,0.25368791125258333,0.4953666666666666,0.009261041666666667,0.00035631992778582794,0.25368791125258333,1
98,/html/body/document/type/sequence/filename/description/text/center[21]/div/p[2]/b[1],3.5,ssn,85,"[0.255992113452265, 0.2393284722222222, 0.011572291666666668, 0.00035631992778582794]",1,98,0.255992113452265,0.2393284722222222,0.011572291666666668,0.00035631992778582794,0.255992113452265,1
99,/html/body/document/type/sequence/filename/description/text/center[21]/div/p[2]/b[1],3.5 Absence of Changes,sst,86,"[0.255992113452265, 0.2527020833333333, 0.19281666666666666, 0.00035631992778582794]",2,99,0.255992113452265,0.2527020833333333,0.19281666666666666,0.00035631992778582794,0.255992113452265,2
100,/html/body/document/type/sequence/filename/description/text/center[21]/div/p[2]/b[2],; No Material Adverse Effect,sst,86,"[0.255992113452265, 0.2527020833333333, 0.19281666666666666, 0.00035631992778582794]",2,100,0.255992113452265,0.2527020833333333,0.19281666666666666,0.00035631992778582794,0.255992113452265,2
101,/html/body/document/type/sequence/filename/description/text/center[21]/div/p[5]/b,3.6,ssn,87,"[0.2591396061477065, 0.2393284722222222, 0.011572291666666668, 0.00035631992778582794]",1,101,0.2591396061477065,0.2393284722222222,0.011572291666666668,0.00035631992778582794,0.2591396061477065,1
102,/html/body/document/type/sequence/filename/description/text/center[21]/div/p[5]/b,"3.6 Title to
As",sst,88,"[0.2591396061477065, 0.25304375, 0.05486111111111111, 0.00035631992778582794]",1,102,0.2591396061477065,0.25304375,0.05486111111111111,0.00035631992778582794,0.2591396061477065,1
103,/html/body/document/type/sequence/filename/description/text/center[21]/div/p[6]/b[1],3.7,ssn,89,"[0.26006603795994965, 0.2393284722222222, 0.011572291666666668, 0.00035631992778582794]",1,103,0.26006603795994965,0.2393284722222222,0.011572291666666668,0.00035631992778582794,0.26006603795994965,1
104,/html/body/document/type/sequence/filename/description/text/center[21]/div/p[6]/b[1],Real Property,sst,90,"[0.26006603795994965, 0.25321180555555556, 0.05561520833333333, 0.00035631992778582794]",1,104,0.26006603795994965,0.25321180555555556,0.05561520833333333,0.00035631992778582794,0.26006603795994965,1
105,/html/body/document/type/sequence/filename/description/text/center[21]/div/p[9]/b,3.8,ssn,91,"[0.2628453333966791, 0.2393284722222222, 0.011572291666666668, 0.00035631992778582794]",1,105,0.2628453333966791,0.2393284722222222,0.011572291666666668,0.00035631992778582794,0.2628453333966791,1
106,/html/body/document/type/sequence/filename/description/text/center[21]/div/p[9]/b,Intellectual Property,sst,92,"[0.2628453333966791, 0.25321180555555556, 0.08235694444444444, 0.00035631992778582794]",1,106,0.2628453333966791,0.25321180555555556,0.08235694444444444,0.00035631992778582794,0.2628453333966791,1
107,/html/body/document/type/sequence/filename/description/text/center[21]/div/p[12],17,n,93,"[0.26663420196213505, 0.4953666666666666, 0.009261041666666667, 0.00035631992778582794]",1,107,0.26663420196213505,0.4953666666666666,0.009261041666666667,0.00035631992778582794,0.26663420196213505,1
108,/html/body/document/type/sequence/filename/description/text/center[22]/div/p[8],18,n,94,"[0.2773475544575623, 0.4953666666666666, 0.009261041666666667, 0.00035631992778582794]",1,108,0.2773475544575623,0.4953666666666666,0.009261041666666667,0.00035631992778582794,0.2773475544575623,1
109,/html/body/document/type/sequence/filename/description/text/center[23]/div/p[5],19,n,95,"[0.2896999786208043, 0.4953666666666666, 0.009261041666666667, 0.00035631992778582794]",1,109,0.2896999786208043,0.4953666666666666,0.009261041666666667,0.00035631992778582794,0.2896999786208043,1
110,/html/body/document/type/sequence/filename/description/text/center[24]/div/p[2]/b[1],3.9,ssn,96,"[0.2927405753379101, 0.2393284722222222, 0.011572291666666668, 0.00035631992778582794]",1,110,0.2927405753379101,0.2393284722222222,0.011572291666666668,0.00035631992778582794,0.2927405753379101,1
111,/html/body/document/type/sequence/filename/description/text/center[24]/div/p[2]/b[1],Contracts,sst,97,"[0.2927405753379101, 0.25321180555555556, 0.03907875, 0.00035631992778582794]",1,111,0.2927405753379101,0.25321180555555556,0.03907875,0.00035631992778582794,0.2927405753379101,1
112,/html/body/document/type/sequence/filename/description/text/center[24]/div/p[11],20,n,98,"[0.30208803477682494, 0.4953666666666666, 0.009261041666666667, 0.00035631992778582794]",1,112,0.30208803477682494,0.4953666666666666,0.009261041666666667,0.00035631992778582794,0.30208803477682494,1
113,/html/body/document/type/sequence/filename/description/text/center[25]/div/p[5]/b,3.10,ssn,99,"[0.3119580967764924, 0.2393284722222222, 0.016200069444444444, 0.00035631992778582794]",1,113,0.3119580967764924,0.2393284722222222,0.016200069444444444,0.00035631992778582794,0.3119580967764924,1
114,/html/body/document/type/sequence/filename/description/text/center[25]/div/p[5]/b,Liabilities,sst,100,"[0.3119580967764924, 0.25783958333333334, 0.03961048611111111, 0.00035631992778582794]",1,114,0.3119580967764924,0.25783958333333334,0.03961048611111111,0.00035631992778582794,0.3119580967764924,1
115,/html/body/document/type/sequence/filename/description/text/center[25]/div/p[7],21,n,101,"[0.31408413901228116, 0.4953666666666666, 0.009261041666666667, 0.00035631992778582794]",1,115,0.31408413901228116,0.4953666666666666,0.009261041666666667,0.00035631992778582794,0.31408413901228116,1
116,/html/body/document/type/sequence/filename/description/text/center[26]/div/p[2]/b,3.11,ssn,102,"[0.3171247357293869, 0.2393284722222222, 0.01569013888888889, 0.00035631992778582794]",1,116,0.3171247357293869,0.2393284722222222,0.01569013888888889,0.00035631992778582794,0.3171247357293869,1
117,/html/body/document/type/sequence/filename/description/text/center[26]/div/p[2]/b,Compliance with Legal Requirements,sst,103,"[0.3171247357293869, 0.2573298611111111, 0.14922430555555558, 0.00035631992778582794]",1,117,0.3171247357293869,0.2573298611111111,0.14922430555555558,0.00035631992778582794,0.3171247357293869,1
118,/html/body/document/type/sequence/filename/description/text/center[26]/div/p[3]/b[1],3.12,ssn,104,"[0.31841936480034205, 0.2393284722222222, 0.016200069444444444, 0.00035631992778582794]",1,118,0.31841936480034205,0.2393284722222222,0.016200069444444444,0.00035631992778582794,0.31841936480034205,1
119,/html/body/document/type/sequence/filename/description/text/center[26]/div/p[3]/b[1],Regulatory Matters,sst,105,"[0.31841936480034205, 0.25783958333333334, 0.07789166666666666, 0.00035631992778582794]",1,119,0.31841936480034205,0.25783958333333334,0.07789166666666666,0.00035631992778582794,0.31841936480034205,1
120,/html/body/document/type/sequence/filename/description/text/center[26]/div/p[9],22,n,106,"[0.32646031783737556, 0.4953666666666666, 0.009261041666666667, 0.00035631992778582794]",1,120,0.32646031783737556,0.4953666666666666,0.009261041666666667,0.00035631992778582794,0.32646031783737556,1
121,/html/body/document/type/sequence/filename/description/text/center[27]/div/p[4]/b,3.13,ssn,107,"[0.33724493431836, 0.2393284722222222, 0.016200069444444444, 0.00035631992778582794]",1,121,0.33724493431836,0.2393284722222222,0.016200069444444444,0.00035631992778582794,0.33724493431836,1
122,/html/body/document/type/sequence/filename/description/text/center[27]/div/p[4]/b,"3.13 Certain Business
Prac",sst,108,"[0.33724493431836, 0.25783958333333334, 0.10489930555555556, 0.00035631992778582794]",1,122,0.33724493431836,0.25783958333333334,0.10489930555555556,0.00035631992778582794,0.33724493431836,1
123,/html/body/document/type/sequence/filename/description/text/center[27]/div/p[6],23,n,109,"[0.3397391738128608, 0.4953666666666666, 0.009261041666666667, 0.00035631992778582794]",1,123,0.3397391738128608,0.4953666666666666,0.009261041666666667,0.00035631992778582794,0.3397391738128608,1
124,/html/body/document/type/sequence/filename/description/text/center[28]/div/p[1]/b,3.14,ssn,110,"[0.3407487469415873, 0.2393284722222222, 0.016200069444444444, 0.00035631992778582794]",1,124,0.3407487469415873,0.2393284722222222,0.016200069444444444,0.00035631992778582794,0.3407487469415873,1
125,/html/body/document/type/sequence/filename/description/text/center[28]/div/p[1]/b,Governmental Authorizations,sst,111,"[0.3407487469415873, 0.25783958333333334, 0.11802847222222224, 0.00035631992778582794]",1,125,0.3407487469415873,0.25783958333333334,0.11802847222222224,0.00035631992778582794,0.3407487469415873,1
126,/html/body/document/type/sequence/filename/description/text/center[28]/div/p[2]/b[1],3.15,ssn,112,"[0.3427797705299665, 0.2393284722222222, 0.016200069444444444, 0.00035631992778582794]",1,126,0.3427797705299665,0.2393284722222222,0.016200069444444444,0.00035631992778582794,0.3427797705299665,1
127,/html/body/document/type/sequence/filename/description/text/center[28]/div/p[2]/b[1],Tax Matters,sst,113,"[0.3427797705299665, 0.2576715277777778, 0.04825305555555555, 0.00035631992778582794]",1,127,0.3427797705299665,0.2576715277777778,0.04825305555555555,0.00035631992778582794,0.3427797705299665,1
128,/html/body/document/type/sequence/filename/description/text/center[28]/div/p[8],24,n,115,"[0.350820723567, 0.4953666666666666, 0.009261041666666667, 0.00035631992778582794]",1,128,0.350820723567,0.4953666666666666,0.009261041666666667,0.00035631992778582794,0.350820723567,1
129,/html/body/document/type/sequence/filename/description/text/center[29]/div/p[12],25,n,116,"[0.36192602798299167, 0.4953666666666666, 0.009261041666666667, 0.00035631992778582794]",1,129,0.36192602798299167,0.4953666666666666,0.009261041666666667,0.00035631992778582794,0.36192602798299167,1
130,/html/body/document/type/sequence/filename/description/text/center[30]/div/p[2]/b,3.16,ssn,117,"[0.3649666247000974, 0.2393284722222222, 0.016200069444444444, 0.00035631992778582794]",1,130,0.3649666247000974,0.2393284722222222,0.016200069444444444,0.00035631992778582794,0.3649666247000974,1
131,/html/body/document/type/sequence/filename/description/text/center[30]/div/p[2]/b,Employee Matters; Benefit Plans,sst,118,"[0.3649666247000974, 0.25783958333333334, 0.13034375, 0.00035631992778582794]",1,131,0.3649666247000974,0.25783958333333334,0.13034375,0.00035631992778582794,0.3649666247000974,1
132,/html/body/document/type/sequence/filename/description/text/center[30]/div/p[7],26,n,119,"[0.3750267239945839, 0.4953666666666666, 0.009261041666666667, 0.00035631992778582794]",1,132,0.3750267239945839,0.4953666666666666,0.009261041666666667,0.00035631992778582794,0.3750267239945839,1
133,/html/body/document/type/sequence/filename/description/text/center[31]/div/p[6],27,n,120,"[0.38646459367650904, 0.4953666666666666, 0.009261041666666667, 0.00035631992778582794]",1,133,0.38646459367650904,0.4953666666666666,0.009261041666666667,0.00035631992778582794,0.38646459367650904,1
134,/html/body/document/type/sequence/filename/description/text/center[32]/div/p[5]/b,3.17,ssn,121,"[0.3967028529348885, 0.2393284722222222, 0.016200069444444444, 0.00035631992778582794]",1,134,0.3967028529348885,0.2393284722222222,0.016200069444444444,0.00035631992778582794,0.3967028529348885,1
135,/html/body/document/type/sequence/filename/description/text/center[32]/div/p[5]/b,Environmental Matters,sst,122,"[0.3967028529348885, 0.25783958333333334, 0.0931638888888889, 0.00035631992778582794]",1,135,0.3967028529348885,0.25783958333333334,0.0931638888888889,0.00035631992778582794,0.3967028529348885,1
136,/html/body/document/type/sequence/filename/description/text/center[32]/div/p[8],28,n,123,"[0.39865073520678435, 0.4953666666666666, 0.009261041666666667, 0.00035631992778582794]",1,136,0.39865073520678435,0.4953666666666666,0.009261041666666667,0.00035631992778582794,0.39865073520678435,1
137,/html/body/document/type/sequence/filename/description/text/center[33]/div/p[5]/b,3.18,ssn,124,"[0.4041024301019075, 0.2393284722222222, 0.016200069444444444, 0.00035631992778582794]",1,137,0.4041024301019075,0.2393284722222222,0.016200069444444444,0.00035631992778582794,0.4041024301019075,1
138,/html/body/document/type/sequence/filename/description/text/center[33]/div/p[5]/b,Insurance,sst,125,"[0.4041024301019075, 0.25783958333333334, 0.03961048611111111, 0.00035631992778582794]",1,138,0.4041024301019075,0.25783958333333334,0.03961048611111111,0.00035631992778582794,0.4041024301019075,1
139,/html/body/document/type/sequence/filename/description/text/center[33]/div/p[6]/b[1],3.19,ssn,126,"[0.40686984820771077, 0.2393284722222222, 0.016200069444444444, 0.00035631992778582794]",1,139,0.40686984820771077,0.2393284722222222,0.016200069444444444,0.00035631992778582794,0.40686984820771077,1
140,/html/body/document/type/sequence/filename/description/text/center[33]/div/p[6]/b[1],Legal Proceedings; Orders,sst,127,"[0.40686984820771077, 0.25783958333333334, 0.10575625, 0.00035631992778582794]",1,140,0.40686984820771077,0.25783958333333334,0.10575625,0.00035631992778582794,0.40686984820771077,1
141,/html/body/document/type/sequence/filename/description/text/center[33]/div/p[10]/b,3.20,ssn,128,"[0.4098391809392593, 0.2393284722222222, 0.016200069444444444, 0.00035631992778582794]",1,141,0.4098391809392593,0.2393284722222222,0.016200069444444444,0.00035631992778582794,0.4098391809392593,1
142,/html/body/document/type/sequence/filename/description/text/center[33]/div/p[10]/b,Authority; Binding Nature of Agreement,sst,129,"[0.4098391809392593, 0.2573298611111111, 0.16113819444444444, 0.00035631992778582794]",1,142,0.4098391809392593,0.2573298611111111,0.16113819444444444,0.00035631992778582794,0.4098391809392593,1
143,/html/body/document/type/sequence/filename/description/text/center[33]/div/p[12],29,n,130,"[0.41122882865762406, 0.4953666666666666, 0.009261041666666667, 0.00035631992778582794]",1,143,0.41122882865762406,0.4953666666666666,0.009261041666666667,0.00035631992778582794,0.41122882865762406,1
144,/html/body/document/type/sequence/filename/description/text/center[34]/div/p[2]/b,3.21,ssn,131,"[0.41647860892700195, 0.2393284722222222, 0.016200069444444444, 0.00035631992778582794]",1,144,0.41647860892700195,0.2393284722222222,0.016200069444444444,0.00035631992778582794,0.41647860892700195,1
145,/html/body/document/type/sequence/filename/description/text/center[34]/div/p[2]/b/font,Non-Contravention;,sst,132,"[0.41647860892700195, 0.2578451388888889, 0.1185548611111111, 0.00035631992778582794]",2,145,0.41647860892700195,0.2578451388888889,0.1185548611111111,0.00035631992778582794,0.41647860892700195,2
146,/html/body/document/type/sequence/filename/description/text/center[34]/div/p[2]/b,Consents,sst,132,"[0.41647860892700195, 0.2578451388888889, 0.1185548611111111, 0.00035631992778582794]",2,146,0.41647860892700195,0.2578451388888889,0.1185548611111111,0.00035631992778582794,0.41647860892700195,2
147,/html/body/document/type/sequence/filename/description/text/center[34]/div/p[6],30,n,133,"[0.4234030928569732, 0.4953666666666666, 0.009261041666666667, 0.00035631992778582794]",1,147,0.4234030928569732,0.4953666666666666,0.009261041666666667,0.00035631992778582794,0.4234030928569732,1
148,/html/body/document/type/sequence/filename/description/text/center[35]/div/p[1]/b,3.22,ssn,134,"[0.4244126659856997, 0.2393284722222222, 0.016200069444444444, 0.00035631992778582794]",1,148,0.4244126659856997,0.2393284722222222,0.016200069444444444,0.00035631992778582794,0.4244126659856997,1
149,/html/body/document/type/sequence/filename/description/text/center[35]/div/p[1]/b,Takeover Laws,sst,135,"[0.4244126659856997, 0.2576715277777778, 0.05992840277777777, 0.00035631992778582794]",1,149,0.4244126659856997,0.2576715277777778,0.05992840277777777,0.00035631992778582794,0.4244126659856997,1
150,/html/body/document/type/sequence/filename/description/text/center[35]/div/p[2]/b,3.23,ssn,136,"[0.4260754923153669, 0.2393284722222222, 0.016200069444444444, 0.00035631992778582794]",1,150,0.4260754923153669,0.2393284722222222,0.016200069444444444,0.00035631992778582794,0.4260754923153669,1
151,/html/body/document/type/sequence/filename/description/text/center[35]/div/p[2]/b,Opinion of Financial Advisors,sst,137,"[0.4260754923153669, 0.25783958333333334, 0.11857083333333332, 0.00035631992778582794]",1,151,0.4260754923153669,0.25783958333333334,0.11857083333333332,0.00035631992778582794,0.4260754923153669,1
152,/html/body/document/type/sequence/filename/description/text/center[35]/div/p[3]/b,3.24,ssn,138,"[0.4284747131624581, 0.2393284722222222, 0.016200069444444444, 0.00035631992778582794]",1,152,0.4284747131624581,0.2393284722222222,0.016200069444444444,0.00035631992778582794,0.4284747131624581,1
153,/html/body/document/type/sequence/filename/description/text/center[35]/div/p[3]/b,Brokers and Other Advisors,sst,139,"[0.4284747131624581, 0.25783958333333334, 0.11152916666666667, 0.00035631992778582794]",1,153,0.4284747131624581,0.25783958333333334,0.11152916666666667,0.00035631992778582794,0.4284747131624581,1
154,/html/body/document/type/sequence/filename/description/text/center[35]/div/p[4]/b,SECTION 4,sn,140,"[0.4303394541178706, 0.4756888888888889, 0.04861652777777778, 0.00035631992778582794]",1,154,0.4303394541178706,0.4756888888888889,0.04861652777777778,0.00035631992778582794,0.4303394541178706,1
155,/html/body/document/type/sequence/filename/description/text/center[35]/div/p[5]/b/u,REPRESENTATIONS AND WARRANTIES OF PARENT AND PURCHASER,st,141,"[0.43108772596622086, 0.3437173611111111, 0.3125597222222222, 0.00035631992778582794]",1,155,0.43108772596622086,0.3437173611111111,0.3125597222222222,0.00035631992778582794,0.43108772596622086,1
156,/html/body/document/type/sequence/filename/description/text/center[35]/div/p[7]/b,4.1,ssn,142,"[0.43239423236810226, 0.2393284722222222, 0.011572291666666668, 0.00035631992778582794]",1,156,0.43239423236810226,0.2393284722222222,0.011572291666666668,0.00035631992778582794,0.43239423236810226,1
157,/html/body/document/type/sequence/filename/description/text/center[35]/div/p[7]/b,Due Organization,sst,143,"[0.43239423236810226, 0.25321180555555556, 0.0707138888888889, 0.00035631992778582794]",1,157,0.43239423236810226,0.25321180555555556,0.0707138888888889,0.00035631992778582794,0.43239423236810226,1
158,/html/body/document/type/sequence/filename/description/text/center[35]/div/p[8]/b,4.2,ssn,144,"[0.43479345321519347, 0.2393284722222222, 0.011572291666666668, 0.00035631992778582794]",1,158,0.43479345321519347,0.2393284722222222,0.011572291666666668,0.00035631992778582794,0.43479345321519347,1
159,/html/body/document/type/sequence/filename/description/text/center[35]/div/p[8]/b,Purchaser,sst,145,"[0.43479345321519347, 0.25321180555555556, 0.04045138888888889, 0.00035631992778582794]",1,159,0.43479345321519347,0.25321180555555556,0.04045138888888889,0.00035631992778582794,0.43479345321519347,1
160,/html/body/document/type/sequence/filename/description/text/center[35]/div/p[10],31,n,146,"[0.43691949545098224, 0.4953666666666666, 0.009261041666666667, 0.00035631992778582794]",1,160,0.43691949545098224,0.4953666666666666,0.009261041666666667,0.00035631992778582794,0.43691949545098224,1
161,/html/body/document/type/sequence/filename/description/text/center[36]/div/p[1]/b,4.3,ssn,147,"[0.43792906857970876, 0.2393284722222222, 0.011572291666666668, 0.00035631992778582794]",1,161,0.43792906857970876,0.2393284722222222,0.011572291666666668,0.00035631992778582794,0.43792906857970876,1
162,/html/body/document/type/sequence/filename/description/text/center[36]/div/p[1]/b,Authority; Binding Nature of Agreement,sst,148,"[0.43792906857970876, 0.2527020833333333, 0.16113819444444444, 0.00035631992778582794]",1,162,0.43792906857970876,0.2527020833333333,0.16113819444444444,0.00035631992778582794,0.43792906857970876,1
163,/html/body/document/type/sequence/filename/description/text/center[36]/div/p[2]/b,4.4,ssn,149,"[0.44069648668551203, 0.2393284722222222, 0.011572291666666668, 0.00035631992778582794]",1,163,0.44069648668551203,0.2393284722222222,0.011572291666666668,0.00035631992778582794,0.44069648668551203,1
164,/html/body/document/type/sequence/filename/description/text/center[36]/div/p[2]/b/font,Non-Contravention;,sst,150,"[0.44069648668551203, 0.2532173611111111, 0.1185548611111111, 0.00035631992778582794]",2,164,0.44069648668551203,0.2532173611111111,0.1185548611111111,0.00035631992778582794,0.44069648668551203,2
165,/html/body/document/type/sequence/filename/description/text/center[36]/div/p[2]/b,Consents,sst,150,"[0.44069648668551203, 0.2532173611111111, 0.1185548611111111, 0.00035631992778582794]",2,165,0.44069648668551203,0.2532173611111111,0.1185548611111111,0.00035631992778582794,0.44069648668551203,2
166,/html/body/document/type/sequence/filename/description/text/center[36]/div/p[6],32,n,151,"[0.4476209706154833, 0.4953666666666666, 0.009261041666666667, 0.00035631992778582794]",1,166,0.4476209706154833,0.4953666666666666,0.009261041666666667,0.00035631992778582794,0.4476209706154833,1
167,/html/body/document/type/sequence/filename/description/text/center[37]/div/p[1]/b,4.5,ssn,152,"[0.4486305437442098, 0.2393284722222222, 0.011572291666666668, 0.00035631992778582794]",1,167,0.4486305437442098,0.2393284722222222,0.011572291666666668,0.00035631992778582794,0.4486305437442098,1
168,/html/body/document/type/sequence/filename/description/text/center[37]/div/p[1]/b,Disclosure,sst,153,"[0.4486305437442098, 0.25321180555555556, 0.04097222222222222, 0.00035631992778582794]",1,168,0.4486305437442098,0.25321180555555556,0.04097222222222222,0.00035631992778582794,0.4486305437442098,1
169,/html/body/document/type/sequence/filename/description/text/center[37]/div/p[2]/b,4.6,ssn,154,"[0.4521343563674371, 0.2393284722222222, 0.011572291666666668, 0.00035631992778582794]",1,169,0.4521343563674371,0.2393284722222222,0.011572291666666668,0.00035631992778582794,0.4521343563674371,1
170,/html/body/document/type/sequence/filename/description/text/center[37]/div/p[2]/b,Absence of Litigation,sst,155,"[0.4521343563674371, 0.2527020833333333, 0.08434236111111111, 0.00035631992778582794]",1,170,0.4521343563674371,0.2527020833333333,0.08434236111111111,0.00035631992778582794,0.4521343563674371,1
171,/html/body/document/type/sequence/filename/description/text/center[37]/div/p[3]/b,4.7,ssn,156,"[0.45453357721452836, 0.2393284722222222, 0.011572291666666668, 0.00035631992778582794]",1,171,0.45453357721452836,0.2393284722222222,0.011572291666666668,0.00035631992778582794,0.45453357721452836,1
172,/html/body/document/type/sequence/filename/description/text/center[37]/div/p[3]/b,Funds,sst,157,"[0.45453357721452836, 0.25321180555555556, 0.02470701388888889, 0.00035631992778582794]",1,172,0.45453357721452836,0.25321180555555556,0.02470701388888889,0.00035631992778582794,0.45453357721452836,1
173,/html/body/document/type/sequence/filename/description/text/center[37]/div/p[4]/b,4.8,ssn,158,"[0.45619640354419555, 0.2393284722222222, 0.011572291666666668, 0.00035631992778582794]",1,173,0.45619640354419555,0.2393284722222222,0.011572291666666668,0.00035631992778582794,0.45619640354419555,1
174,/html/body/document/type/sequence/filename/description/text/center[37]/div/p[4]/b,Ownership of Shares,sst,159,"[0.45619640354419555, 0.25321180555555556, 0.08264444444444444, 0.00035631992778582794]",1,174,0.45619640354419555,0.25321180555555556,0.08264444444444444,0.00035631992778582794,0.45619640354419555,1
175,/html/body/document/type/sequence/filename/description/text/center[37]/div/p[5]/b[1],4.9,ssn,160,"[0.45785922987386274, 0.2393284722222222, 0.011572291666666668, 0.00035631992778582794]",1,175,0.45785922987386274,0.2393284722222222,0.011572291666666668,0.00035631992778582794,0.45785922987386274,1
176,/html/body/document/type/sequence/filename/description/text/center[37]/div/p[5]/b[1],"4.9 Acknowledgement by
Parent and Purch",sst,161,"[0.45785922987386274, 0.2527020833333333, 0.17399652777777777, 0.00035631992778582794]",1,176,0.45785922987386274,0.2527020833333333,0.17399652777777777,0.00035631992778582794,0.45785922987386274,1
177,/html/body/document/type/sequence/filename/description/text/center[37]/div/p[8],33,n,162,"[0.46054350666318267, 0.4953666666666666, 0.009261041666666667, 0.00035631992778582794]",1,177,0.46054350666318267,0.4953666666666666,0.009261041666666667,0.00035631992778582794,0.46054350666318267,1
178,/html/body/document/type/sequence/filename/description/text/center[38]/div/p[2]/b,SECTION 5,sn,163,"[0.46673159607572984, 0.4756888888888889, 0.04861652777777778, 0.00035631992778582794]",1,178,0.46673159607572984,0.4756888888888889,0.04861652777777778,0.00035631992778582794,0.46673159607572984,1
179,/html/body/document/type/sequence/filename/description/text/center[38]/div/p[3]/b/u,CERTAIN COVENANTS OF THE COMPANY,st,164,"[0.4674798679240801, 0.40569652777777776, 0.1886013888888889, 0.00035631992778582794]",1,179,0.4674798679240801,0.40569652777777776,0.1886013888888889,0.00035631992778582794,0.4674798679240801,1
180,/html/body/document/type/sequence/filename/description/text/center[38]/div/p[4]/b,5.1,ssn,165,"[0.46822813977243033, 0.2393284722222222, 0.011572291666666668, 0.00035631992778582794]",1,180,0.46822813977243033,0.2393284722222222,0.011572291666666668,0.00035631992778582794,0.46822813977243033,1
181,/html/body/document/type/sequence/filename/description/text/center[38]/div/p[4]/b,Access and Investigation,sst,166,"[0.46822813977243033, 0.2527020833333333, 0.09720625000000001, 0.00035631992778582794]",1,181,0.46822813977243033,0.2527020833333333,0.09720625000000001,0.00035631992778582794,0.46822813977243033,1
182,/html/body/document/type/sequence/filename/description/text/center[38]/div/p[6],34,n,167,"[0.4725633655604912, 0.4953666666666666, 0.009261041666666667, 0.00035631992778582794]",1,182,0.4725633655604912,0.4953666666666666,0.009261041666666667,0.00035631992778582794,0.4725633655604912,1
183,/html/body/document/type/sequence/filename/description/text/center[39]/div/p[2]/b[1],5.2,ssn,168,"[0.476708554053733, 0.2393284722222222, 0.011572291666666668, 0.00035631992778582794]",1,183,0.476708554053733,0.2393284722222222,0.011572291666666668,0.00035631992778582794,0.476708554053733,1
184,/html/body/document/type/sequence/filename/description/text/center[39]/div/p[2]/b[1],5.2 Operation of the Acquired Corporations,sst,169,"[0.476708554053733, 0.25321180555555556, 0.19792777777777779, 0.00035631992778582794]",3,184,0.476708554053733,0.25321180555555556,0.19792777777777779,0.00035631992778582794,0.476708554053733,3
185,/html/body/document/type/sequence/filename/description/text/center[39]/div/p[2]/b[2],’,sst,169,"[0.476708554053733, 0.25321180555555556, 0.19792777777777779, 0.00035631992778582794]",3,185,0.476708554053733,0.25321180555555556,0.19792777777777779,0.00035631992778582794,0.476708554053733,3
186,/html/body/document/type/sequence/filename/description/text/center[39]/div/p[2]/b[3],Business,sst,169,"[0.476708554053733, 0.25321180555555556, 0.19792777777777779, 0.00035631992778582794]",3,186,0.476708554053733,0.25321180555555556,0.19792777777777779,0.00035631992778582794,0.476708554053733,3
187,/html/body/document/type/sequence/filename/description/text/center[39]/div/p[7],35,n,170,"[0.4852958643133715, 0.4953666666666666, 0.009261041666666667, 0.00035631992778582794]",1,187,0.4852958643133715,0.4953666666666666,0.009261041666666667,0.00035631992778582794,0.4852958643133715,1
188,/html/body/document/type/sequence/filename/description/text/center[40]/div/p[6],36,n,171,"[0.49636553673658457, 0.4953666666666666, 0.009261041666666667, 0.00035631992778582794]",1,188,0.49636553673658457,0.4953666666666666,0.009261041666666667,0.00035631992778582794,0.49636553673658457,1
189,/html/body/document/type/sequence/filename/description/text/center[41]/div/p[8],37,n,172,"[0.5078152837494359, 0.4953666666666666, 0.009261041666666667, 0.00035631992778582794]",1,189,0.5078152837494359,0.4953666666666666,0.009261041666666667,0.00035631992778582794,0.5078152837494359,1
190,/html/body/document/type/sequence/filename/description/text/center[42]/div/p[9],38,n,173,"[0.5196451053519253, 0.4953666666666666, 0.009261041666666667, 0.00035631992778582794]",1,190,0.5196451053519253,0.4953666666666666,0.009261041666666667,0.00035631992778582794,0.5196451053519253,1
191,/html/body/document/type/sequence/filename/description/text/center[43]/div/p[1]/b[1],5.3,ssn,174,"[0.5206546784806518, 0.2393284722222222, 0.011572291666666668, 0.00035631992778582794]",1,191,0.5206546784806518,0.2393284722222222,0.011572291666666668,0.00035631992778582794,0.5206546784806518,1
192,/html/body/document/type/sequence/filename/description/text/center[43]/div/p[1]/b[1],No Solicitation,sst,175,"[0.5206546784806518, 0.25321180555555556, 0.05837673611111111, 0.00035631992778582794]",1,192,0.5206546784806518,0.25321180555555556,0.05837673611111111,0.00035631992778582794,0.5206546784806518,1
193,/html/body/document/type/sequence/filename/description/text/center[43]/div/p[7],39,n,176,"[0.5320094068460935, 0.4953666666666666, 0.009261041666666667, 0.00035631992778582794]",1,193,0.5320094068460935,0.4953666666666666,0.009261041666666667,0.00035631992778582794,0.5320094068460935,1
194,/html/body/document/type/sequence/filename/description/text/center[44]/div/p[4]/b,SECTION 6,sn,177,"[0.5378411763308549, 0.4756888888888889, 0.04861652777777778, 0.00035631992778582794]",1,194,0.5378411763308549,0.4756888888888889,0.04861652777777778,0.00035631992778582794,0.5378411763308549,1
195,/html/body/document/type/sequence/filename/description/text/center[44]/div/p[5]/b/u,ADDITIONAL COVENANTS OF THE PARTIES,st,178,"[0.5385894481792052, 0.40097083333333333, 0.19805763888888886, 0.00035631992778582794]",1,195,0.5385894481792052,0.40097083333333333,0.19805763888888886,0.00035631992778582794,0.5385894481792052,1
196,/html/body/document/type/sequence/filename/description/text/center[44]/div/p[6]/b[1],6.1,ssn,179,"[0.5393377200275554, 0.2393284722222222, 0.011572291666666668, 0.00035631992778582794]",1,196,0.5393377200275554,0.2393284722222222,0.011572291666666668,0.00035631992778582794,0.5393377200275554,1
197,/html/body/document/type/sequence/filename/description/text/center[44]/div/p[6]/b[1],Company Board Recommendation,sst,180,"[0.5393377200275554, 0.25321180555555556, 0.13731527777777777, 0.00035631992778582794]",1,197,0.5393377200275554,0.25321180555555556,0.13731527777777777,0.00035631992778582794,0.5393377200275554,1
198,/html/body/document/type/sequence/filename/description/text/center[44]/div/p[11],40,n,181,"[0.5453476494762097, 0.4953666666666666, 0.009261041666666667, 0.00035631992778582794]",1,198,0.5453476494762097,0.4953666666666666,0.009261041666666667,0.00035631992778582794,0.5453476494762097,1
199,/html/body/document/type/sequence/filename/description/text/center[45]/div/p[4],41,n,182,"[0.5573318763807397, 0.4953666666666666, 0.009261041666666667, 0.00035631992778582794]",1,199,0.5573318763807397,0.4953666666666666,0.009261041666666667,0.00035631992778582794,0.5573318763807397,1
200,/html/body/document/type/sequence/filename/description/text/center[46]/div/p[2]/b,6.2,ssn,183,"[0.5601943131339525, 0.2393284722222222, 0.011572291666666668, 0.00035631992778582794]",1,200,0.5601943131339525,0.2393284722222222,0.011572291666666668,0.00035631992778582794,0.5601943131339525,1
201,/html/body/document/type/sequence/filename/description/text/center[46]/div/p[2]/b,"Filings, Consents and Approvals",sst,184,"[0.5601943131339525, 0.25321180555555556, 0.12741458333333333, 0.00035631992778582794]",1,201,0.5601943131339525,0.25321180555555556,0.12741458333333333,0.00035631992778582794,0.5601943131339525,1
202,/html/body/document/type/sequence/filename/description/text/center[46]/div/p[6],42,n,185,"[0.570432572392332, 0.4953666666666666, 0.009261041666666667, 0.00035631992778582794]",1,202,0.570432572392332,0.4953666666666666,0.009261041666666667,0.00035631992778582794,0.570432572392332,1
203,/html/body/document/type/sequence/filename/description/text/center[47]/div/p[2]/b,6.3,ssn,186,"[0.5777133762500891, 0.2393284722222222, 0.011572291666666668, 0.00035631992778582794]",1,203,0.5777133762500891,0.2393284722222222,0.011572291666666668,0.00035631992778582794,0.5777133762500891,1
204,/html/body/document/type/sequence/filename/description/text/center[47]/div/p[2]/b,Employee Benefits,sst,187,"[0.5777133762500891, 0.25321180555555556, 0.07327986111111111, 0.00035631992778582794]",1,204,0.5777133762500891,0.25321180555555556,0.07327986111111111,0.00035631992778582794,0.5777133762500891,1
205,/html/body/document/type/sequence/filename/description/text/center[47]/div/p[5],43,n,188,"[0.5818704420742571, 0.4953666666666666, 0.009261041666666667, 0.00035631992778582794]",1,205,0.5818704420742571,0.4953666666666666,0.009261041666666667,0.00035631992778582794,0.5818704420742571,1
206,/html/body/document/type/sequence/filename/description/text/center[48]/div/p[5],44,n,189,"[0.592750077202651, 0.4953666666666666, 0.009261041666666667, 0.00035631992778582794]",1,206,0.592750077202651,0.4953666666666666,0.009261041666666667,0.00035631992778582794,0.592750077202651,1
207,/html/body/document/type/sequence/filename/description/text/center[49]/div/p[3]/b,6.4,ssn,190,"[0.6024301019074993, 0.2393284722222222, 0.011572291666666668, 0.00035631992778582794]",1,207,0.6024301019074993,0.2393284722222222,0.011572291666666668,0.00035631992778582794,0.6024301019074993,1
208,/html/body/document/type/sequence/filename/description/text/center[49]/div/p[3]/b,ESPP,sst,191,"[0.6024301019074993, 0.25321180555555556, 0.022634583333333333, 0.00035631992778582794]",1,208,0.6024301019074993,0.25321180555555556,0.022634583333333333,0.00035631992778582794,0.6024301019074993,1
209,/html/body/document/type/sequence/filename/description/text/center[49]/div/p[5],45,n,192,"[0.6056607359194242, 0.4953666666666666, 0.009261041666666667, 0.00035631992778582794]",1,209,0.6056607359194242,0.4953666666666666,0.009261041666666667,0.00035631992778582794,0.6056607359194242,1
210,/html/body/document/type/sequence/filename/description/text/center[50]/div/p[1]/b,6.5,ssn,193,"[0.6066703090481507, 0.2393284722222222, 0.011572291666666668, 0.00035631992778582794]",1,210,0.6066703090481507,0.2393284722222222,0.011572291666666668,0.00035631992778582794,0.6066703090481507,1
211,/html/body/document/type/sequence/filename/description/text/center[50]/div/p[1]/b,Indemnification of Officers and Directors,sst,194,"[0.6066703090481507, 0.25321180555555556, 0.16386180555555557, 0.00035631992778582794]",1,211,0.6066703090481507,0.25321180555555556,0.16386180555555557,0.00035631992778582794,0.6066703090481507,1
212,/html/body/document/type/sequence/filename/description/text/center[50]/div/p[5],46,n,195,"[0.6180131600826663, 0.4953666666666666, 0.009261041666666667, 0.00035631992778582794]",1,212,0.6180131600826663,0.4953666666666666,0.009261041666666667,0.00035631992778582794,0.6180131600826663,1
213,/html/body/document/type/sequence/filename/description/text/center[51]/div/p[5],47,n,196,"[0.6299973869871962, 0.4953666666666666, 0.009261041666666667, 0.00035631992778582794]",1,213,0.6299973869871962,0.4953666666666666,0.009261041666666667,0.00035631992778582794,0.6299973869871962,1
214,/html/body/document/type/sequence/filename/description/text/center[52]/div/p[1]/b,6.6,ssn,197,"[0.6310069601159227, 0.2393284722222222, 0.011572291666666668, 0.00035631992778582794]",1,214,0.6310069601159227,0.2393284722222222,0.011572291666666668,0.00035631992778582794,0.6310069601159227,1
215,/html/body/document/type/sequence/filename/description/text/center[52]/div/p[1]/b,Stockholder Litigation,sst,198,"[0.6310069601159227, 0.25321180555555556, 0.0890736111111111, 0.00035631992778582794]",1,215,0.6310069601159227,0.25321180555555556,0.0890736111111111,0.00035631992778582794,0.6310069601159227,1
216,/html/body/document/type/sequence/filename/description/text/center[52]/div/p[2]/b,6.7,ssn,199,"[0.6332280209991211, 0.2393284722222222, 0.011572291666666668, 0.00035631992778582794]",1,216,0.6332280209991211,0.2393284722222222,0.011572291666666668,0.00035631992778582794,0.6332280209991211,1
217,/html/body/document/type/sequence/filename/description/text/center[52]/div/p[2]/b,"6.7 Additional
Agreem",sst,200,"[0.6332280209991211, 0.2527020833333333, 0.09111875000000001, 0.00035631992778582794]",1,217,0.6332280209991211,0.2527020833333333,0.09111875000000001,0.00035631992778582794,0.6332280209991211,1
218,/html/body/document/type/sequence/filename/description/text/center[52]/div/p[3]/b,6.8,ssn,201,"[0.6369218709171675, 0.2393284722222222, 0.011572291666666668, 0.00035631992778582794]",1,218,0.6369218709171675,0.2393284722222222,0.011572291666666668,0.00035631992778582794,0.6369218709171675,1
219,/html/body/document/type/sequence/filename/description/text/center[52]/div/p[3]/b,Disclosure,sst,202,"[0.6369218709171675, 0.25321180555555556, 0.04097222222222222, 0.00035631992778582794]",1,219,0.6369218709171675,0.25321180555555556,0.04097222222222222,0.00035631992778582794,0.6369218709171675,1
220,/html/body/document/type/sequence/filename/description/text/center[52]/div/p[5],48,n,203,"[0.6412570967052283, 0.4953666666666666, 0.009261041666666667, 0.00035631992778582794]",1,220,0.6412570967052283,0.4953666666666666,0.009261041666666667,0.00035631992778582794,0.6412570967052283,1
221,/html/body/document/type/sequence/filename/description/text/center[53]/div/p[1]/b,6.9,ssn,204,"[0.6422666698339549, 0.2393284722222222, 0.011572291666666668, 0.00035631992778582794]",1,221,0.6422666698339549,0.2393284722222222,0.011572291666666668,0.00035631992778582794,0.6422666698339549,1
222,/html/body/document/type/sequence/filename/description/text/center[53]/div/p[1]/b,Takeover Laws,sst,205,"[0.6422666698339549, 0.25304375, 0.05992840277777777, 0.00035631992778582794]",1,222,0.6422666698339549,0.25304375,0.05992840277777777,0.00035631992778582794,0.6422666698339549,1
223,/html/body/document/type/sequence/filename/description/text/center[53]/div/p[2]/b[1],6.10,ssn,206,"[0.6441195334584412, 0.2393284722222222, 0.016200069444444444, 0.00035631992778582794]",1,223,0.6441195334584412,0.2393284722222222,0.016200069444444444,0.00035631992778582794,0.6441195334584412,1
224,/html/body/document/type/sequence/filename/description/text/center[53]/div/p[2]/b[1],6.10 Section,sst,207,"[0.6441195334584412, 0.25783958333333334, 0.07403958333333334, 0.00035631992778582794]",2,224,0.6441195334584412,0.25783958333333334,0.07403958333333334,0.00035631992778582794,0.6441195334584412,2
225,/html/body/document/type/sequence/filename/description/text/center[53]/div/p[2]/b[3],16 Matters,sst,207,"[0.6441195334584412, 0.25783958333333334, 0.07403958333333334, 0.00035631992778582794]",2,225,0.6441195334584412,0.25783958333333334,0.07403958333333334,0.00035631992778582794,0.6441195334584412,2
226,/html/body/document/type/sequence/filename/description/text/center[53]/div/p[3]/b,6.11,ssn,208,"[0.6459723970829275, 0.2393284722222222, 0.01569013888888889, 0.00035631992778582794]",1,226,0.6459723970829275,0.2393284722222222,0.01569013888888889,0.00035631992778582794,0.6459723970829275,1
227,/html/body/document/type/sequence/filename/description/text/center[53]/div/p[3]/b,6.11 Rule,sst,209,"[0.6459723970829275, 0.2573298611111111, 0.08125, 0.00035631992778582794]",3,227,0.6459723970829275,0.2573298611111111,0.08125,0.00035631992778582794,0.6459723970829275,3
228,/html/body/document/type/sequence/filename/description/text/center[53]/div/p[3]/b/font,14d-10,sst,209,"[0.6459723970829275, 0.2573298611111111, 0.08125, 0.00035631992778582794]",3,228,0.6459723970829275,0.2573298611111111,0.08125,0.00035631992778582794,0.6459723970829275,3
229,/html/body/document/type/sequence/filename/description/text/center[53]/div/p[3]/b,Matters,sst,209,"[0.6459723970829275, 0.2573298611111111, 0.08125, 0.00035631992778582794]",3,229,0.6459723970829275,0.2573298611111111,0.08125,0.00035631992778582794,0.6459723970829275,3
230,/html/body/document/type/sequence/filename/description/text/center[53]/div/p[4]/b,6.12,ssn,210,"[0.64892985248355, 0.2393284722222222, 0.016200069444444444, 0.00035631992778582794]",1,230,0.64892985248355,0.2393284722222222,0.016200069444444444,0.00035631992778582794,0.64892985248355,1
231,/html/body/document/type/sequence/filename/description/text/center[53]/div/p[4]/b,Stock Exchange Delisting; Deregistration,sst,211,"[0.64892985248355, 0.25783958333333334, 0.16258680555555555, 0.00035631992778582794]",1,231,0.64892985248355,0.25783958333333334,0.16258680555555555,0.00035631992778582794,0.64892985248355,1
232,/html/body/document/type/sequence/filename/description/text/center[53]/div/p[5]/b,6.13,ssn,212,"[0.6507827161080362, 0.2393284722222222, 0.016200069444444444, 0.00035631992778582794]",1,232,0.6507827161080362,0.2393284722222222,0.016200069444444444,0.00035631992778582794,0.6507827161080362,1
233,/html/body/document/type/sequence/filename/description/text/center[53]/div/p[5]/b,Notification of Certain Events,sst,213,"[0.6507827161080362, 0.25783958333333334, 0.11852777777777779, 0.00035631992778582794]",1,233,0.6507827161080362,0.25783958333333334,0.11852777777777779,0.00035631992778582794,0.6507827161080362,1
234,/html/body/document/type/sequence/filename/description/text/center[53]/div/p[7],49,n,214,"[0.653276955602537, 0.4953666666666666, 0.009261041666666667, 0.00035631992778582794]",1,234,0.653276955602537,0.4953666666666666,0.009261041666666667,0.00035631992778582794,0.653276955602537,1
235,/html/body/document/type/sequence/filename/description/text/center[54]/div/p[1]/b,SECTION 7,sn,215,"[0.6542865287312635, 0.4756888888888889, 0.04861652777777778, 0.00035631992778582794]",1,235,0.6542865287312635,0.4756888888888889,0.04861652777777778,0.00035631992778582794,0.6542865287312635,1
236,/html/body/document/type/sequence/filename/description/text/center[54]/div/p[2]/b/u,CONDITIONS PRECEDENT TO THE MERGER,st,216,"[0.6550348005796137, 0.4000326388888889, 0.19992916666666669, 0.00035631992778582794]",1,236,0.6550348005796137,0.4000326388888889,0.19992916666666669,0.00035631992778582794,0.6550348005796137,1
237,/html/body/document/type/sequence/filename/description/text/center[54]/div/p[4]/b,7.1,ssn,217,"[0.6565313442763142, 0.2393284722222222, 0.011572291666666668, 0.00035631992778582794]",1,237,0.6565313442763142,0.2393284722222222,0.011572291666666668,0.00035631992778582794,0.6565313442763142,1
238,/html/body/document/type/sequence/filename/description/text/center[54]/div/p[4]/b,No Restraints,sst,218,"[0.6565313442763142, 0.25321180555555556, 0.054253472222222224, 0.00035631992778582794]",1,238,0.6565313442763142,0.25321180555555556,0.054253472222222224,0.00035631992778582794,0.6565313442763142,1
239,/html/body/document/type/sequence/filename/description/text/center[54]/div/p[5]/b,7.2,ssn,219,"[0.6587524051595125, 0.2393284722222222, 0.011572291666666668, 0.00035631992778582794]",1,239,0.6587524051595125,0.2393284722222222,0.011572291666666668,0.00035631992778582794,0.6587524051595125,1
240,/html/body/document/type/sequence/filename/description/text/center[54]/div/p[5]/b,Consummation of Offer,sst,220,"[0.6587524051595125, 0.25321180555555556, 0.09462361111111112, 0.00035631992778582794]",1,240,0.6587524051595125,0.25321180555555556,0.09462361111111112,0.00035631992778582794,0.6587524051595125,1
241,/html/body/document/type/sequence/filename/description/text/center[54]/div/p[6]/b,SECTION 8,sn,221,"[0.660248948856213, 0.4756888888888889, 0.04861652777777778, 0.00035631992778582794]",1,241,0.660248948856213,0.4756888888888889,0.04861652777777778,0.00035631992778582794,0.660248948856213,1
242,/html/body/document/type/sequence/filename/description/text/center[54]/div/p[7]/b/u,TERMINATION,st,222,"[0.6609972207045632, 0.4661402777777778, 0.06771916666666668, 0.00035631992778582794]",1,242,0.6609972207045632,0.4661402777777778,0.06771916666666668,0.00035631992778582794,0.6609972207045632,1
243,/html/body/document/type/sequence/filename/description/text/center[54]/div/p[8]/b,8.1,ssn,223,"[0.6617454925529135, 0.2393284722222222, 0.011572291666666668, 0.00035631992778582794]",1,243,0.6617454925529135,0.2393284722222222,0.011572291666666668,0.00035631992778582794,0.6617454925529135,1
244,/html/body/document/type/sequence/filename/description/text/center[54]/div/p[8]/b,Termination,sst,224,"[0.6617454925529135, 0.25304375, 0.04903972222222222, 0.00035631992778582794]",1,244,0.6617454925529135,0.25304375,0.04903972222222222,0.00035631992778582794,0.6617454925529135,1
245,/html/body/document/type/sequence/filename/description/text/center[54]/div/p[13],50,n,225,"[0.6677554220015678, 0.4953666666666666, 0.009261041666666667, 0.00035631992778582794]",1,245,0.6677554220015678,0.4953666666666666,0.009261041666666667,0.00035631992778582794,0.6677554220015678,1
246,/html/body/document/type/sequence/filename/description/text/center[55]/div/p[7],51,n,226,"[0.6790151317195999, 0.4953666666666666, 0.009261041666666667, 0.00035631992778582794]",1,246,0.6790151317195999,0.4953666666666666,0.009261041666666667,0.00035631992778582794,0.6790151317195999,1
247,/html/body/document/type/sequence/filename/description/text/center[56]/div/p[2]/b,8.2,ssn,227,"[0.6811411739553888, 0.2393284722222222, 0.011572291666666668, 0.00035631992778582794]",1,247,0.6811411739553888,0.2393284722222222,0.011572291666666668,0.00035631992778582794,0.6811411739553888,1
248,/html/body/document/type/sequence/filename/description/text/center[56]/div/p[2]/b,"8.2 Effect of
Termina",sst,228,"[0.6811411739553888, 0.25321180555555556, 0.08484722222222223, 0.00035631992778582794]",1,248,0.6811411739553888,0.25321180555555556,0.08484722222222223,0.00035631992778582794,0.6811411739553888,1
249,/html/body/document/type/sequence/filename/description/text/center[56]/div/p[3]/b[1],8.3,ssn,229,"[0.6866760101669953, 0.2393284722222222, 0.011572291666666668, 0.00035631992778582794]",1,249,0.6866760101669953,0.2393284722222222,0.011572291666666668,0.00035631992778582794,0.6866760101669953,1
250,/html/body/document/type/sequence/filename/description/text/center[56]/div/p[3]/b[1],Expenses; Termination Fees,sst,230,"[0.6866760101669953, 0.25321180555555556, 0.11057916666666667, 0.00035631992778582794]",1,250,0.6866760101669953,0.25321180555555556,0.11057916666666667,0.00035631992778582794,0.6866760101669953,1
251,/html/body/document/type/sequence/filename/description/text/center[56]/div/p[10],52,n,231,"[0.6915932251704398, 0.4953666666666666, 0.009261041666666667, 0.00035631992778582794]",1,251,0.6915932251704398,0.4953666666666666,0.009261041666666667,0.00035631992778582794,0.6915932251704398,1
252,/html/body/document/type/sequence/filename/description/text/center[57]/div/p[4]/b,SECTION 9,sn,232,"[0.7014751645010333, 0.4756888888888889, 0.04861652777777778, 0.00035631992778582794]",1,252,0.7014751645010333,0.4756888888888889,0.04861652777777778,0.00035631992778582794,0.7014751645010333,1
253,/html/body/document/type/sequence/filename/description/text/center[57]/div/p[5]/b/u,MISCELLANEOUS PROVISIONS,st,233,"[0.7022234363493836, 0.4294, 0.1412, 0.00035631992778582794]",1,253,0.7022234363493836,0.4294,0.1412,0.00035631992778582794,0.7022234363493836,1
254,/html/body/document/type/sequence/filename/description/text/center[57]/div/p[6]/b,9.1,ssn,234,"[0.7029717081977338, 0.2393284722222222, 0.011572291666666668, 0.00035631992778582794]",1,254,0.7029717081977338,0.2393284722222222,0.011572291666666668,0.00035631992778582794,0.7029717081977338,1
255,/html/body/document/type/sequence/filename/description/text/center[57]/div/p[6]/b,Amendment,sst,235,"[0.7029717081977338, 0.2527020833333333, 0.04885527777777778, 0.00035631992778582794]",1,255,0.7029717081977338,0.2527020833333333,0.04885527777777778,0.00035631992778582794,0.7029717081977338,1
256,/html/body/document/type/sequence/filename/description/text/center[57]/div/p[8],53,n,236,"[0.7043613559160985, 0.4953666666666666, 0.009261041666666667, 0.00035631992778582794]",1,256,0.7043613559160985,0.4953666666666666,0.009261041666666667,0.00035631992778582794,0.7043613559160985,1
257,/html/body/document/type/sequence/filename/description/text/center[58]/div/p[1]/b,9.2,ssn,237,"[0.705370929044825, 0.2393284722222222, 0.011572291666666668, 0.00035631992778582794]",1,257,0.705370929044825,0.2393284722222222,0.011572291666666668,0.00035631992778582794,0.705370929044825,1
258,/html/body/document/type/sequence/filename/description/text/center[58]/div/p[1]/b,Waiver,sst,238,"[0.705370929044825, 0.25304375, 0.02879777777777778, 0.00035631992778582794]",1,258,0.705370929044825,0.25304375,0.02879777777777778,0.00035631992778582794,0.705370929044825,1
259,/html/body/document/type/sequence/filename/description/text/center[58]/div/p[2]/b,9.3,ssn,239,"[0.7090647789628715, 0.2393284722222222, 0.011572291666666668, 0.00035631992778582794]",1,259,0.7090647789628715,0.2393284722222222,0.011572291666666668,0.00035631992778582794,0.7090647789628715,1
260,/html/body/document/type/sequence/filename/description/text/center[58]/div/p[2]/b,No Survival of Representations and Warranties,sst,240,"[0.7090647789628715, 0.25321180555555556, 0.18712569444444446, 0.00035631992778582794]",1,260,0.7090647789628715,0.25321180555555556,0.18712569444444446,0.00035631992778582794,0.7090647789628715,1
261,/html/body/document/type/sequence/filename/description/text/center[58]/div/p[3]/b,9.4,ssn,241,"[0.7101812480699338, 0.2393284722222222, 0.011572291666666668, 0.00035631992778582794]",1,261,0.7101812480699338,0.2393284722222222,0.011572291666666668,0.00035631992778582794,0.7101812480699338,1
262,/html/body/document/type/sequence/filename/description/text/center[58]/div/p[3]/b,Entire Agreement; Counterparts,sst,242,"[0.7101812480699338, 0.25321180555555556, 0.1292375, 0.00035631992778582794]",1,262,0.7101812480699338,0.25321180555555556,0.1292375,0.00035631992778582794,0.7101812480699338,1
263,/html/body/document/type/sequence/filename/description/text/center[58]/div/p[4]/b[1],9.5,ssn,243,"[0.7131387034705561, 0.2393284722222222, 0.011572291666666668, 0.00035631992778582794]",1,263,0.7131387034705561,0.2393284722222222,0.011572291666666668,0.00035631992778582794,0.7131387034705561,1
264,/html/body/document/type/sequence/filename/description/text/center[58]/div/p[4]/b[1],"9.5 Applicable Legal Requirements;
Jurisdiction; Specific Performance; Reme",sst,244,"[0.7131387034705561, 0.2527020833333333, 0.3109159722222222, 0.00035631992778582794]",1,264,0.7131387034705561,0.2527020833333333,0.3109159722222222,0.00035631992778582794,0.7131387034705561,1
265,/html/body/document/type/sequence/filename/description/text/center[58]/div/p[7],54,n,245,"[0.7165593747773, 0.4953666666666666, 0.009261041666666667, 0.00035631992778582794]",1,265,0.7165593747773,0.4953666666666666,0.009261041666666667,0.00035631992778582794,0.7165593747773,1
266,/html/body/document/type/sequence/filename/description/text/center[59]/div/p[5],55,n,246,"[0.7278072071644061, 0.4953666666666666, 0.009261041666666667, 0.00035631992778582794]",1,266,0.7278072071644061,0.4953666666666666,0.009261041666666667,0.00035631992778582794,0.7278072071644061,1
267,/html/body/document/type/sequence/filename/description/text/center[60]/div/p[1]/b,9.6,ssn,247,"[0.7288167802931326, 0.2393284722222222, 0.011572291666666668, 0.00035631992778582794]",1,267,0.7288167802931326,0.2393284722222222,0.011572291666666668,0.00035631992778582794,0.7288167802931326,1
268,/html/body/document/type/sequence/filename/description/text/center[60]/div/p[1]/b,Assignability,sst,248,"[0.7288167802931326, 0.2527020833333333, 0.05144854166666667, 0.00035631992778582794]",1,268,0.7288167802931326,0.2527020833333333,0.05144854166666667,0.00035631992778582794,0.7288167802931326,1
269,/html/body/document/type/sequence/filename/description/text/center[60]/div/p[2]/b,9.7,ssn,249,"[0.732878827469891, 0.2393284722222222, 0.011572291666666668, 0.00035631992778582794]",1,269,0.732878827469891,0.2393284722222222,0.011572291666666668,0.00035631992778582794,0.732878827469891,1
270,/html/body/document/type/sequence/filename/description/text/center[60]/div/p[2]/b,Transfer Tax,sst,250,"[0.732878827469891, 0.25304375, 0.05084090277777777, 0.00035631992778582794]",1,270,0.732878827469891,0.25304375,0.05084090277777777,0.00035631992778582794,0.732878827469891,1
271,/html/body/document/type/sequence/filename/description/text/center[60]/div/p[3]/b,9.8,ssn,251,"[0.7343634938356652, 0.2393284722222222, 0.011572291666666668, 0.00035631992778582794]",1,271,0.7343634938356652,0.2393284722222222,0.011572291666666668,0.00035631992778582794,0.7343634938356652,1
272,/html/body/document/type/sequence/filename/description/text/center[60]/div/p[3]/b,No Third-Party Beneficiaries,sst,252,"[0.7343634938356652, 0.25321180555555556, 0.11501180555555555, 0.00035631992778582794]",1,272,0.7343634938356652,0.25321180555555556,0.11501180555555555,0.00035631992778582794,0.7343634938356652,1
273,/html/body/document/type/sequence/filename/description/text/center[60]/div/p[4]/b,9.9,ssn,253,"[0.7376891464949996, 0.2393284722222222, 0.011572291666666668, 0.00035631992778582794]",1,273,0.7376891464949996,0.2393284722222222,0.011572291666666668,0.00035631992778582794,0.7376891464949996,1
274,/html/body/document/type/sequence/filename/description/text/center[60]/div/p[4]/b,Notices,sst,254,"[0.7376891464949996, 0.25321180555555556, 0.028792291666666667, 0.00035631992778582794]",1,274,0.7376891464949996,0.25321180555555556,0.028792291666666667,0.00035631992778582794,0.7376891464949996,1
275,/html/body/document/type/sequence/filename/description/text/center[60]/div/p[12],56,n,255,"[0.7431408413901228, 0.4953666666666666, 0.009261041666666667, 0.00035631992778582794]",1,275,0.7431408413901228,0.4953666666666666,0.009261041666666667,0.00035631992778582794,0.7431408413901228,1
276,/html/body/document/type/sequence/filename/description/text/center[61]/div/p[27]/b,9.10,ssn,256,"[0.7546856070503837, 0.2393284722222222, 0.016200069444444444, 0.00035631992778582794]",1,276,0.7546856070503837,0.2393284722222222,0.016200069444444444,0.00035631992778582794,0.7546856070503837,1
277,/html/body/document/type/sequence/filename/description/text/center[61]/div/p[27]/b,Severability,sst,257,"[0.7546856070503837, 0.25783958333333334, 0.047309027777777776, 0.00035631992778582794]",1,277,0.7546856070503837,0.25783958333333334,0.047309027777777776,0.00035631992778582794,0.7546856070503837,1
278,/html/body/document/type/sequence/filename/description/text/center[61]/div/p[29],57,n,258,"[0.7582844383210205, 0.4953666666666666, 0.009261041666666667, 0.00035631992778582794]",1,278,0.7582844383210205,0.4953666666666666,0.009261041666666667,0.00035631992778582794,0.7582844383210205,1
279,/html/body/document/type/sequence/filename/description/text/center[62]/div/p[1]/b,9.11,ssn,259,"[0.7592940114497471, 0.2393284722222222, 0.01569013888888889, 0.00035631992778582794]",1,279,0.7592940114497471,0.2393284722222222,0.01569013888888889,0.00035631992778582794,0.7592940114497471,1
280,/html/body/document/type/sequence/filename/description/text/center[62]/div/p[1]/b,Obligation of Parent,sst,260,"[0.7592940114497471, 0.2573298611111111, 0.0810875, 0.00035631992778582794]",1,280,0.7592940114497471,0.2573298611111111,0.0810875,0.00035631992778582794,0.7592940114497471,1
281,/html/body/document/type/sequence/filename/description/text/center[62]/div/p[2]/b,9.12,ssn,261,"[0.7607786778155213, 0.2393284722222222, 0.016200069444444444, 0.00035631992778582794]",1,281,0.7607786778155213,0.2393284722222222,0.016200069444444444,0.00035631992778582794,0.7607786778155213,1
282,/html/body/document/type/sequence/filename/description/text/center[62]/div/p[2]/b,Construction,sst,262,"[0.7607786778155213, 0.25783958333333334, 0.05194770833333333, 0.00035631992778582794]",1,282,0.7607786778155213,0.25783958333333334,0.05194770833333333,0.00035631992778582794,0.7607786778155213,1
283,/html/body/document/type/sequence/filename/description/text/center[62]/div/p[13],58,n,263,"[0.7697698173266504, 0.4953666666666666, 0.009261041666666667, 0.00035631992778582794]",1,283,0.7697698173266504,0.4953666666666666,0.009261041666666667,0.00035631992778582794,0.7697698173266504,1
284,/html/body/document/type/sequence/filename/description/text/center[63]/div/p[4],59,n,264,"[0.7729291873530181, 0.4953666666666666, 0.009261041666666667, 0.00035631992778582794]",1,284,0.7729291873530181,0.4953666666666666,0.009261041666666667,0.00035631992778582794,0.7729291873530181,1
285,/html/body/document/type/sequence/filename/description/text/center[65]/div/p[1]/b,EXHIBIT A,st,265,"[0.7841603914768274, 0.47603055555555557, 0.04793833333333333, 0.00035631992778582794]",1,285,0.7841603914768274,0.47603055555555557,0.04793833333333333,0.00035631992778582794,0.7841603914768274,1
286,/html/body/document/type/sequence/filename/description/text/center[65]/div/p[2]/b,CERTAIN DEFINITIONS,st,266,"[0.7849086633251776, 0.4473958333333333, 0.10520833333333333, 0.00035631992778582794]",1,286,0.7849086633251776,0.4473958333333333,0.10520833333333333,0.00035631992778582794,0.7849086633251776,1
287,/html/body/document/type/sequence/filename/description/text/center[65]/div/p[12],A-1,n,267,"[0.7968810128987814, 0.49280069444444446, 0.01439888888888889, 0.00035631992778582794]",1,287,0.7968810128987814,0.49280069444444446,0.01439888888888889,0.00035631992778582794,0.7968810128987814,1
288,/html/body/document/type/sequence/filename/description/text/center[66]/div/p[19],A-2,n,268,"[0.8123571750956126, 0.49280069444444446, 0.01439888888888889, 0.00035631992778582794]",1,288,0.8123571750956126,0.49280069444444446,0.01439888888888889,0.00035631992778582794,0.8123571750956126,1
289,/html/body/document/type/sequence/filename/description/text/center[67]/div/p[14],A-3,n,269,"[0.8255647670855406, 0.49280069444444446, 0.01439888888888889, 0.00035631992778582794]",1,289,0.8255647670855406,0.49280069444444446,0.01439888888888889,0.00035631992778582794,0.8255647670855406,1
290,/html/body/document/type/sequence/filename/description/text/center[68]/div/p[16],A-4,n,270,"[0.8410052972895932, 0.49280069444444446, 0.01439888888888889, 0.00035631992778582794]",1,290,0.8410052972895932,0.49280069444444446,0.01439888888888889,0.00035631992778582794,0.8410052972895932,1
291,/html/body/document/type/sequence/filename/description/text/center[69]/div/p[16],A-5,n,271,"[0.8553412357175096, 0.49280069444444446, 0.01439888888888889, 0.00035631992778582794]",1,291,0.8553412357175096,0.49280069444444446,0.01439888888888889,0.00035631992778582794,0.8553412357175096,1
292,/html/body/document/type/sequence/filename/description/text/center[70]/div/p[12],A-6,n,272,"[0.8696296648217213, 0.49280069444444446, 0.01439888888888889, 0.00035631992778582794]",1,292,0.8696296648217213,0.49280069444444446,0.01439888888888889,0.00035631992778582794,0.8696296648217213,1
293,/html/body/document/type/sequence/filename/description/text/center[71]/div/p[11],A-7,n,273,"[0.8835380193362948, 0.49280069444444446, 0.01439888888888889, 0.00035631992778582794]",1,293,0.8835380193362948,0.49280069444444446,0.01439888888888889,0.00035631992778582794,0.8835380193362948,1
294,/html/body/document/type/sequence/filename/description/text/center[72]/div/p[5],A-8,n,274,"[0.896270518089175, 0.49280069444444446, 0.01439888888888889, 0.00035631992778582794]",1,294,0.896270518089175,0.49280069444444446,0.01439888888888889,0.00035631992778582794,0.896270518089175,1
295,/html/body/document/type/sequence/filename/description/text/center[73]/div/p[21],A-9,n,275,"[0.9136114212414187, 0.49280069444444446, 0.01439888888888889, 0.00035631992778582794]",1,295,0.9136114212414187,0.49280069444444446,0.01439888888888889,0.00035631992778582794,0.9136114212414187,1
296,/html/body/document/type/sequence/filename/description/text/center[74]/div/p[12],A-10,n,276,"[0.9282680476043425, 0.4904840277777778, 0.019026666666666667, 0.00035631992778582794]",1,296,0.9282680476043425,0.4904840277777778,0.019026666666666667,0.00035631992778582794,0.9282680476043425,1
297,/html/body/document/type/sequence/filename/description/text/center[75]/div/p[15],A-11,n,277,"[0.9433285032187567, 0.4906576388888889, 0.01868486111111111, 0.00035631992778582794]",1,297,0.9433285032187567,0.4906576388888889,0.01868486111111111,0.00035631992778582794,0.9433285032187567,1
298,/html/body/document/type/sequence/filename/description/text/center[76]/div/p[12],A-12,n,278,"[0.9557759460294083, 0.4904840277777778, 0.019026666666666667, 0.00035631992778582794]",1,298,0.9557759460294083,0.4904840277777778,0.019026666666666667,0.00035631992778582794,0.9557759460294083,1
299,/html/body/document/type/sequence/filename/description/text/center[77]/div/p[1]/b,ANNEX I,sn,279,"[0.9567855191581348, 0.48058263888888886, 0.03883465277777778, 0.00035631992778582794]",1,299,0.9567855191581348,0.48058263888888886,0.03883465277777778,0.00035631992778582794,0.9567855191581348,1
300,/html/body/document/type/sequence/filename/description/text/center[77]/div/p[2]/b,CONDITIONS TO THE OFFER,st,280,"[0.9575337910064851, 0.4347979166666667, 0.13040347222222223, 0.00035631992778582794]",1,300,0.9575337910064851,0.4347979166666667,0.13040347222222223,0.00035631992778582794,0.9575337910064851,1
301,/html/body/document/type/sequence/filename/description/text/center[77]/div/p[9],I-1,n,281,"[0.968900396702853, 0.49460208333333333, 0.010796458333333333, 0.00035631992778582794]",1,301,0.968900396702853,0.49460208333333333,0.010796458333333333,0.00035631992778582794,0.968900396702853,1
302,/html/body/document/type/sequence/filename/description/text/center[78]/div/p[10],I-2,n,282,"[0.9798156638240255, 0.49460208333333333, 0.010796458333333333, 0.00035631992778582794]",1,302,0.9798156638240255,0.49460208333333333,0.010796458333333333,0.00035631992778582794,0.9798156638240255,1
303,/html/body/document/type/sequence/filename/description/text/center[79]/div/p[1]/b,ANNEX II,sn,283,"[0.980825236952752, 0.47878125000000005, 0.042437083333333334, 0.00035631992778582794]",1,303,0.980825236952752,0.47878125000000005,0.042437083333333334,0.00035631992778582794,0.980825236952752,1
304,/html/body/document/type/sequence/filename/description/text/center[79]/div/p[2]/b,FORM OF,st,284,"[0.9815735088011023, 0.21666666666666667, 0.5666666666666667, 0.003349407321186783]",5,304,0.9815735088011023,0.21666666666666667,0.5666666666666667,0.003349407321186783,0.9815735088011023,5
305,/html/body/document/type/sequence/filename/description/text/center[79]/div/p[3]/b,"CERTIFICATE OF
INCORPORATION",st,284,"[0.9815735088011023, 0.21666666666666667, 0.5666666666666667, 0.003349407321186783]",5,305,0.9815735088011023,0.21666666666666667,0.5666666666666667,0.003349407321186783,0.9815735088011023,5
306,/html/body/document/type/sequence/filename/description/text/center[79]/div/p[4]/b,OF,st,284,"[0.9815735088011023, 0.21666666666666667, 0.5666666666666667, 0.003349407321186783]",5,306,0.9815735088011023,0.21666666666666667,0.5666666666666667,0.003349407321186783,0.9815735088011023,5
307,/html/body/document/type/sequence/filename/description/text/center[79]/div/p[5]/b,"DICERNA PHARMACEUTICALS, INC.",st,284,"[0.9815735088011023, 0.21666666666666667, 0.5666666666666667, 0.003349407321186783]",5,307,0.9815735088011023,0.21666666666666667,0.5666666666666667,0.003349407321186783,0.9815735088011023,5
308,/html/body/document/type/sequence/filename/description/text/center[79]/div/p[6]/b,"[•], 2021",st,284,"[0.9815735088011023, 0.21666666666666667, 0.5666666666666667, 0.003349407321186783]",5,308,0.9815735088011023,0.21666666666666667,0.5666666666666667,0.003349407321186783,0.9815735088011023,5
309,/html/body/document/type/sequence/filename/description/text/center[80]/div/p[4],2,n,285,"[0.9968240017103357, 0.4976833333333333, 0.00463325, 0.00035631992778582794]",1,309,0.9968240017103357,0.4976833333333333,0.00463325,0.00035631992778582794,0.9968240017103357,1
